Data,CO,MP10,O3,MP2.5,SO2
01/01/2015,0.0,,68.0,,82.0
01/01/2016,1.0,26.0,,32.0,6.0
01/01/2018,0.0,,39.0,,10.0
01/01/2019,1.0,10.0,,,16.0
01/01/2020,0.0,,,6.0,
01/01/2021,0.0,11.0,,11.0,
01/02/2015,0.0,22.0,,,
01/02/2016,0.0,14.0,80.0,6.0,10.0
01/02/2017,0.0,14.0,47.0,4.0,
01/02/2018,,,27.0,7.0,10.0
01/02/2019,0.0,14.0,54.0,6.0,22.0
01/02/2020,0.0,29.0,,26.0,
01/03/2015,0.0,13.0,,,
01/03/2016,0.0,13.0,59.0,6.0,12.0
01/03/2017,0.0,16.0,40.0,6.0,
01/03/2018,0.0,19.0,62.0,,14.0
01/04/2015,1.0,30.0,79.0,,82.0
01/04/2016,0.0,24.0,58.0,9.0,18.0
01/04/2017,0.0,20.0,46.0,3.0,
01/04/2018,0.0,10.0,57.0,6.0,10.0
01/04/2019,1.0,,87.0,,16.0
01/04/2020,,12.0,,9.0,
01/05/2015,0.0,20.0,69.0,,66.0
01/05/2016,1.0,26.0,50.0,35.0,24.0
01/05/2018,0.0,14.0,74.0,8.0,10.0
01/05/2019,1.0,12.0,,10.0,16.0
01/05/2020,0.0,25.0,,29.0,
01/06/2015,0.0,33.0,43.0,10.0,
01/06/2016,1.0,31.0,58.0,34.0,24.0
01/06/2017,1.0,,30.0,40.0,
01/06/2018,1.0,23.0,37.0,,10.0
01/06/2019,1.0,43.0,75.0,55.0,16.0
01/06/2020,1.0,34.0,,,
01/07/2015,0.0,28.0,38.0,7.0,
01/07/2016,1.0,50.0,32.0,49.0,26.0
01/07/2017,1.0,34.0,50.0,29.0,4.0
01/07/2018,1.0,11.0,50.0,6.0,
01/07/2019,1.0,30.0,34.0,,
01/07/2020,,,,27.0,
01/07/2021,0.0,,,,
01/08/2015,0.0,14.0,49.0,6.0,
01/08/2016,0.0,12.0,53.0,,28.0
01/08/2017,0.0,19.0,42.0,6.0,4.0
01/08/2018,1.0,22.0,38.0,11.0,
01/08/2019,0.0,19.0,65.0,10.0,
01/08/2020,,7.0,,6.0,2.0
01/08/2021,0.0,,,,
01/09/2015,0.0,38.0,,27.0,
01/09/2016,0.0,26.0,42.0,37.0,32.0
01/09/2018,1.0,,54.0,,12.0
01/09/2019,0.0,21.0,,29.0,
01/09/2020,0.0,15.0,,,16.0
01/09/2021,0.0,,,,
01/10/2015,0.0,30.0,85.0,29.0,
01/10/2016,0.0,10.0,65.0,,32.0
01/10/2017,0.0,16.0,56.0,12.0,6.0
01/10/2018,1.0,22.0,54.0,11.0,10.0
01/10/2019,,,,8.0,
01/10/2020,0.0,,,11.0,30.0
01/11/2015,0.0,12.0,78.0,5.0,0.0
01/11/2016,1.0,28.0,55.0,10.0,36.0
01/11/2017,0.0,,32.0,,6.0
01/11/2018,1.0,18.0,,11.0,12.0
01/11/2019,,16.0,,10.0,
01/11/2020,,,,,34.0
01/12/2015,0.0,14.0,,6.0,4.0
01/12/2016,0.0,11.0,36.0,4.0,38.0
01/12/2017,1.0,,25.0,,10.0
01/12/2019,0.0,11.0,,5.0,
01/12/2020,0.0,20.0,,11.0,43.0
02/01/2015,0.0,,79.0,,83.0
02/01/2016,0.0,22.0,,9.0,6.0
02/01/2018,0.0,,33.0,,12.0
02/01/2019,1.0,14.0,,9.0,16.0
02/01/2020,0.0,,,8.0,
02/01/2021,,6.0,,6.0,
02/02/2015,0.0,24.0,,,
02/02/2016,0.0,16.0,58.0,6.0,12.0
02/02/2017,0.0,20.0,33.0,9.0,
02/02/2018,0.0,,16.0,7.0,12.0
02/02/2019,1.0,14.0,49.0,5.0,22.0
02/02/2020,0.0,13.0,,7.0,
02/03/2015,,18.0,,,
02/03/2016,0.0,19.0,62.0,11.0,12.0
02/03/2017,1.0,22.0,52.0,9.0,
02/03/2018,1.0,18.0,,,14.0
02/04/2015,0.0,15.0,76.0,,82.0
02/04/2016,1.0,26.0,76.0,12.0,16.0
02/04/2017,0.0,11.0,57.0,4.0,
02/04/2018,1.0,21.0,45.0,10.0,10.0
02/04/2019,1.0,,66.0,,18.0
02/04/2020,,18.0,,10.0,
02/05/2015,0.0,20.0,62.0,,62.0
02/05/2016,0.0,22.0,38.0,29.0,22.0
02/05/2018,0.0,15.0,55.0,7.0,10.0
02/05/2019,1.0,15.0,,10.0,16.0
02/05/2020,0.0,23.0,,32.0,
02/06/2015,0.0,20.0,38.0,5.0,
02/06/2016,1.0,26.0,17.0,11.0,24.0
02/06/2017,1.0,34.0,29.0,11.0,
02/06/2018,1.0,30.0,52.0,,14.0
02/06/2019,1.0,30.0,78.0,37.0,14.0
02/06/2020,1.0,33.0,,,
02/07/2015,0.0,26.0,36.0,5.0,
02/07/2016,0.0,26.0,33.0,27.0,26.0
02/07/2017,0.0,17.0,48.0,6.0,0.0
02/07/2018,1.0,22.0,41.0,26.0,
02/07/2019,1.0,45.0,34.0,44.0,
02/07/2020,0.0,,,32.0,
02/07/2021,0.0,,,,
02/08/2015,0.0,10.0,51.0,,
02/08/2016,0.0,15.0,62.0,12.0,30.0
02/08/2017,1.0,30.0,40.0,9.0,4.0
02/08/2018,1.0,16.0,26.0,9.0,
02/08/2019,0.0,28.0,59.0,26.0,
02/08/2020,,9.0,,6.0,2.0
02/08/2021,0.0,,,,
02/09/2015,0.0,36.0,,27.0,
02/09/2016,0.0,21.0,66.0,35.0,32.0
02/09/2018,1.0,,49.0,,12.0
02/09/2019,0.0,27.0,,37.0,
02/09/2020,,15.0,,,16.0
02/09/2021,0.0,,,,
02/10/2015,0.0,,51.0,27.0,
02/10/2016,0.0,14.0,54.0,,34.0
02/10/2017,0.0,25.0,43.0,27.0,6.0
02/10/2018,1.0,21.0,62.0,26.0,10.0
02/10/2019,,17.0,,10.0,
02/10/2020,0.0,,,26.0,30.0
02/11/2015,0.0,14.0,74.0,5.0,0.0
02/11/2016,1.0,16.0,54.0,10.0,36.0
02/11/2017,0.0,,38.0,,6.0
02/11/2018,1.0,16.0,,8.0,12.0
02/11/2019,,8.0,,,
02/11/2020,,,,,34.0
02/12/2015,0.0,18.0,,8.0,2.0
02/12/2016,0.0,8.0,40.0,5.0,38.0
02/12/2017,0.0,,47.0,,8.0
02/12/2019,,15.0,,8.0,
02/12/2020,,18.0,,11.0,40.0
03/01/2015,0.0,,44.0,,83.0
03/01/2016,0.0,11.0,,6.0,6.0
03/01/2018,0.0,,27.0,,10.0
03/01/2019,1.0,20.0,,11.0,16.0
03/01/2020,0.0,,,9.0,
03/01/2021,,6.0,,6.0,
03/02/2015,0.0,22.0,,,
03/02/2016,0.0,16.0,62.0,7.0,12.0
03/02/2017,1.0,22.0,29.0,9.0,
03/02/2018,0.0,,30.0,5.0,10.0
03/02/2019,1.0,13.0,44.0,6.0,24.0
03/02/2020,0.0,15.0,,6.0,
03/03/2015,,14.0,,,
03/03/2016,1.0,23.0,45.0,10.0,12.0
03/03/2017,1.0,14.0,42.0,6.0,
03/03/2018,1.0,15.0,79.0,,12.0
03/04/2015,0.0,13.0,73.0,,78.0
03/04/2016,1.0,24.0,57.0,12.0,16.0
03/04/2017,0.0,18.0,44.0,5.0,
03/04/2018,1.0,24.0,42.0,11.0,10.0
03/04/2019,1.0,22.0,60.0,12.0,16.0
03/04/2020,0.0,19.0,,10.0,
03/05/2015,0.0,14.0,60.0,,60.0
03/05/2016,0.0,22.0,46.0,29.0,22.0
03/05/2018,0.0,22.0,67.0,11.0,10.0
03/05/2019,1.0,17.0,,11.0,16.0
03/05/2020,0.0,23.0,,30.0,
03/06/2015,0.0,27.0,28.0,6.0,
03/06/2016,0.0,27.0,16.0,27.0,22.0
03/06/2017,1.0,24.0,42.0,9.0,
03/06/2018,1.0,38.0,49.0,,12.0
03/06/2019,1.0,,62.0,12.0,10.0
03/06/2020,1.0,32.0,,30.0,
03/07/2015,,27.0,33.0,5.0,
03/07/2016,0.0,36.0,42.0,35.0,26.0
03/07/2017,0.0,17.0,48.0,3.0,0.0
03/07/2018,1.0,34.0,50.0,30.0,
03/07/2019,1.0,53.0,33.0,44.0,
03/07/2020,1.0,,,29.0,
03/07/2021,0.0,,,,
03/08/2015,1.0,36.0,66.0,,
03/08/2016,0.0,19.0,62.0,29.0,28.0
03/08/2017,1.0,46.0,43.0,34.0,6.0
03/08/2018,1.0,10.0,33.0,6.0,
03/08/2019,0.0,22.0,72.0,11.0,
03/08/2020,,10.0,,6.0,2.0
03/08/2021,0.0,,,,
03/09/2015,1.0,50.0,55.0,37.0,
03/09/2016,0.0,14.0,49.0,,32.0
03/09/2018,1.0,,39.0,,14.0
03/09/2019,0.0,22.0,,,
03/09/2020,,9.0,,,16.0
03/09/2021,0.0,,,,
03/10/2015,0.0,42.0,127.0,40.0,
03/10/2016,0.0,17.0,50.0,,34.0
03/10/2017,0.0,22.0,34.0,10.0,8.0
03/10/2018,1.0,23.0,68.0,26.0,10.0
03/10/2019,,,,10.0,
03/10/2020,0.0,,,57.0,36.0
03/11/2015,0.0,21.0,,8.0,0.0
03/11/2016,0.0,10.0,58.0,,36.0
03/11/2017,0.0,,33.0,,6.0
03/11/2018,1.0,14.0,,7.0,10.0
03/11/2019,,7.0,,,
03/11/2020,,,,,36.0
03/12/2015,0.0,22.0,,7.0,4.0
03/12/2016,0.0,18.0,54.0,6.0,38.0
03/12/2017,0.0,,35.0,,8.0
03/12/2019,,10.0,,5.0,
03/12/2020,0.0,23.0,,27.0,43.0
04/01/2015,0.0,,49.0,,82.0
04/01/2016,0.0,11.0,,3.0,6.0
04/01/2018,0.0,,19.0,,10.0
04/01/2019,1.0,18.0,,11.0,16.0
04/01/2020,0.0,,,6.0,
04/01/2021,,10.0,,6.0,
04/02/2015,0.0,27.0,,,
04/02/2016,0.0,18.0,70.0,8.0,10.0
04/02/2017,0.0,14.0,45.0,7.0,
04/02/2018,0.0,,27.0,3.0,8.0
04/02/2019,1.0,18.0,52.0,9.0,22.0
04/02/2020,0.0,18.0,,8.0,
04/03/2015,,16.0,,,
04/03/2016,1.0,25.0,49.0,11.0,14.0
04/03/2017,0.0,13.0,64.0,5.0,
04/03/2018,0.0,13.0,,,12.0
04/03/2020,0.0,21.0,,,
04/04/2015,0.0,11.0,70.0,,78.0
04/04/2016,0.0,24.0,66.0,26.0,16.0
04/04/2017,0.0,16.0,39.0,6.0,
04/04/2018,1.0,24.0,51.0,27.0,10.0
04/04/2019,1.0,22.0,76.0,26.0,18.0
04/04/2020,0.0,22.0,,27.0,
04/05/2015,0.0,22.0,51.0,,66.0
04/05/2016,1.0,43.0,52.0,49.0,24.0
04/05/2018,0.0,17.0,58.0,9.0,8.0
04/05/2019,1.0,12.0,,,16.0
04/05/2020,,16.0,,9.0,
04/06/2015,0.0,18.0,49.0,2.0,
04/06/2016,0.0,29.0,36.0,29.0,24.0
04/06/2017,0.0,18.0,41.0,5.0,
04/06/2018,0.0,13.0,46.0,,10.0
04/06/2019,0.0,,54.0,9.0,10.0
04/06/2020,,14.0,,10.0,
04/07/2015,1.0,50.0,37.0,34.0,
04/07/2016,1.0,38.0,35.0,38.0,26.0
04/07/2017,0.0,19.0,49.0,5.0,0.0
04/07/2018,1.0,20.0,51.0,11.0,
04/07/2019,1.0,,,60.0,
04/07/2020,1.0,,,10.0,
04/07/2021,0.0,,,,
04/08/2015,1.0,38.0,74.0,,
04/08/2016,0.0,18.0,58.0,,28.0
04/08/2017,1.0,50.0,56.0,30.0,8.0
04/08/2018,1.0,24.0,21.0,12.0,
04/08/2019,0.0,15.0,61.0,8.0,
04/08/2020,,12.0,,6.0,4.0
04/08/2021,0.0,,,,
04/09/2015,1.0,54.0,70.0,37.0,
04/09/2016,0.0,13.0,52.0,,32.0
04/09/2018,1.0,,41.0,,16.0
04/09/2019,0.0,21.0,,,
04/09/2020,,22.0,,,16.0
04/09/2021,0.0,,,,
04/10/2015,0.0,37.0,89.0,43.0,
04/10/2016,0.0,18.0,30.0,,34.0
04/10/2017,0.0,11.0,43.0,8.0,6.0
04/10/2018,1.0,27.0,65.0,35.0,10.0
04/10/2019,,14.0,,9.0,
04/10/2020,0.0,,,44.0,32.0
04/11/2015,1.0,34.0,47.0,29.0,2.0
04/11/2016,0.0,9.0,60.0,6.0,40.0
04/11/2017,0.0,,31.0,,6.0
04/11/2018,1.0,16.0,,10.0,12.0
04/11/2019,0.0,17.0,,11.0,
04/11/2020,,,,,36.0
04/12/2015,0.0,18.0,,6.0,4.0
04/12/2016,0.0,14.0,45.0,6.0,38.0
04/12/2017,1.0,,25.0,,14.0
04/12/2019,,6.0,,3.0,
04/12/2020,0.0,29.0,,34.0,45.0
05/01/2015,0.0,,59.0,,82.0
05/01/2016,0.0,10.0,,3.0,6.0
05/01/2017,0.0,21.0,68.0,8.0,
05/01/2018,0.0,,30.0,,10.0
05/01/2019,1.0,21.0,87.0,12.0,22.0
05/01/2020,0.0,,,4.0,
05/01/2021,0.0,11.0,,8.0,
05/02/2015,0.0,25.0,,,
05/02/2016,0.0,15.0,73.0,6.0,10.0
05/02/2017,0.0,13.0,39.0,6.0,
05/02/2018,0.0,,24.0,6.0,10.0
05/02/2019,1.0,15.0,63.0,8.0,18.0
05/02/2020,0.0,16.0,,6.0,
05/03/2015,,18.0,,,
05/03/2016,1.0,18.0,43.0,7.0,14.0
05/03/2017,0.0,14.0,38.0,6.0,
05/03/2018,1.0,29.0,,,16.0
05/03/2020,0.0,18.0,,,
05/04/2015,0.0,18.0,44.0,,74.0
05/04/2016,0.0,23.0,66.0,12.0,16.0
05/04/2017,0.0,14.0,42.0,6.0,
05/04/2018,1.0,21.0,53.0,10.0,10.0
05/04/2019,1.0,25.0,47.0,27.0,16.0
05/04/2020,0.0,16.0,,11.0,
05/05/2015,0.0,25.0,58.0,,74.0
05/05/2016,1.0,34.0,61.0,40.0,24.0
05/05/2018,0.0,14.0,55.0,8.0,8.0
05/05/2019,1.0,8.0,,6.0,16.0
05/05/2020,,22.0,,26.0,
05/06/2015,0.0,18.0,38.0,4.0,
05/06/2016,0.0,27.0,56.0,30.0,22.0
05/06/2017,0.0,27.0,37.0,10.0,
05/06/2018,0.0,17.0,47.0,,10.0
05/06/2019,0.0,,49.0,4.0,10.0
05/06/2020,,13.0,,8.0,
05/07/2015,1.0,38.0,57.0,11.0,
05/07/2016,1.0,34.0,32.0,43.0,30.0
05/07/2017,0.0,16.0,38.0,6.0,2.0
05/07/2018,1.0,18.0,50.0,10.0,
05/07/2019,1.0,,34.0,30.0,
05/07/2020,,,,7.0,
05/07/2021,0.0,,,,
05/08/2015,0.0,26.0,59.0,10.0,
05/08/2016,0.0,16.0,56.0,26.0,28.0
05/08/2017,0.0,,70.0,6.0,4.0
05/08/2018,1.0,34.0,43.0,40.0,16.0
05/08/2019,,10.0,55.0,3.0,
05/08/2020,,10.0,,5.0,4.0
05/08/2021,0.0,,,,
05/09/2015,1.0,29.0,66.0,26.0,
05/09/2016,0.0,10.0,61.0,,32.0
05/09/2018,1.0,,52.0,,18.0
05/09/2019,0.0,20.0,,,
05/09/2020,,15.0,,,16.0
05/09/2021,1.0,,,,
05/10/2015,0.0,22.0,49.0,10.0,
05/10/2016,0.0,28.0,54.0,,34.0
05/10/2017,0.0,10.0,39.0,6.0,6.0
05/10/2018,1.0,19.0,53.0,29.0,8.0
05/10/2019,,12.0,,8.0,
05/10/2020,,,,29.0,30.0
05/11/2015,1.0,44.0,85.0,40.0,2.0
05/11/2016,0.0,10.0,46.0,5.0,38.0
05/11/2017,0.0,,39.0,,8.0
05/11/2018,1.0,8.0,,5.0,10.0
05/11/2019,1.0,30.0,,32.0,
05/11/2020,,,,,36.0
05/12/2015,0.0,18.0,,7.0,4.0
05/12/2016,1.0,21.0,38.0,9.0,38.0
05/12/2017,1.0,,58.0,,12.0
05/12/2019,,18.0,,10.0,
05/12/2020,0.0,14.0,,10.0,43.0
06/01/2015,0.0,,54.0,,82.0
06/01/2016,0.0,14.0,,6.0,6.0
06/01/2017,1.0,28.0,54.0,9.0,
06/01/2018,0.0,,53.0,,10.0
06/01/2019,1.0,14.0,70.0,8.0,20.0
06/01/2020,0.0,,,9.0,
06/01/2021,,15.0,,12.0,
06/02/2015,0.0,28.0,,,
06/02/2016,0.0,15.0,60.0,6.0,10.0
06/02/2017,1.0,18.0,34.0,6.0,
06/02/2018,0.0,,20.0,8.0,12.0
06/02/2019,1.0,14.0,46.0,7.0,18.0
06/02/2020,,10.0,,6.0,
06/03/2015,,21.0,,,
06/03/2016,1.0,10.0,61.0,4.0,12.0
06/03/2017,1.0,25.0,56.0,11.0,
06/03/2018,1.0,30.0,,,18.0
06/03/2019,1.0,10.0,70.0,,16.0
06/03/2020,,14.0,,,
06/04/2015,0.0,29.0,66.0,,74.0
06/04/2016,0.0,22.0,68.0,12.0,18.0
06/04/2017,0.0,19.0,40.0,6.0,
06/04/2018,1.0,17.0,35.0,8.0,10.0
06/04/2019,1.0,19.0,,12.0,16.0
06/04/2020,,14.0,,10.0,
06/05/2015,0.0,14.0,59.0,,68.0
06/05/2016,0.0,29.0,52.0,40.0,20.0
06/05/2018,0.0,15.0,52.0,10.0,8.0
06/05/2019,1.0,17.0,,11.0,16.0
06/05/2020,0.0,25.0,,29.0,
06/06/2015,0.0,16.0,36.0,3.0,
06/06/2016,1.0,50.0,44.0,57.0,24.0
06/06/2017,1.0,35.0,64.0,26.0,
06/06/2018,1.0,29.0,34.0,,10.0
06/06/2019,,,,5.0,10.0
06/06/2020,,12.0,,8.0,
06/07/2015,,26.0,47.0,6.0,
06/07/2016,0.0,22.0,34.0,29.0,26.0
06/07/2017,0.0,15.0,39.0,6.0,2.0
06/07/2018,1.0,22.0,49.0,12.0,10.0
06/07/2019,0.0,,50.0,10.0,
06/07/2020,,,,11.0,
06/07/2021,0.0,15.0,,8.0,
06/08/2015,0.0,32.0,79.0,11.0,
06/08/2016,0.0,17.0,46.0,,30.0
06/08/2017,0.0,,63.0,7.0,4.0
06/08/2018,1.0,23.0,32.0,32.0,
06/08/2019,,9.0,,,
06/08/2020,,8.0,,5.0,6.0
06/08/2021,0.0,,,,
06/09/2015,0.0,15.0,78.0,7.0,
06/09/2016,0.0,17.0,66.0,,34.0
06/09/2018,1.0,18.0,65.0,10.0,12.0
06/09/2019,0.0,10.0,,,
06/09/2020,0.0,14.0,,,16.0
06/09/2021,1.0,,,,
06/10/2015,0.0,15.0,67.0,4.0,
06/10/2016,1.0,26.0,43.0,,34.0
06/10/2017,0.0,14.0,43.0,10.0,6.0
06/10/2018,1.0,15.0,46.0,10.0,12.0
06/10/2019,,,,10.0,
06/10/2020,0.0,,,32.0,32.0
06/11/2015,0.0,31.0,95.0,27.0,2.0
06/11/2016,0.0,21.0,50.0,9.0,38.0
06/11/2017,0.0,,38.0,,6.0
06/11/2018,1.0,,,,10.0
06/11/2019,1.0,22.0,,30.0,
06/11/2020,0.0,,,,38.0
06/12/2015,0.0,17.0,,6.0,4.0
06/12/2016,0.0,,52.0,7.0,40.0
06/12/2017,0.0,,33.0,,6.0
06/12/2019,0.0,22.0,,10.0,
06/12/2020,,9.0,,7.0,43.0
07/01/2015,0.0,,54.0,,82.0
07/01/2016,0.0,14.0,,6.0,6.0
07/01/2017,1.0,15.0,47.0,6.0,
07/01/2018,0.0,,38.0,,8.0
07/01/2019,1.0,10.0,76.0,7.0,20.0
07/01/2020,0.0,,,10.0,
07/01/2021,0.0,14.0,,12.0,
07/02/2015,0.0,16.0,,,
07/02/2016,0.0,11.0,59.0,5.0,12.0
07/02/2017,1.0,18.0,64.0,7.0,
07/02/2019,1.0,18.0,,9.0,18.0
07/02/2020,0.0,11.0,,6.0,
07/03/2015,0.0,16.0,,,
07/03/2016,1.0,,61.0,8.0,14.0
07/03/2017,0.0,15.0,55.0,6.0,
07/03/2018,1.0,24.0,,,14.0
07/03/2019,1.0,10.0,,5.0,16.0
07/03/2020,,7.0,,,
07/04/2015,0.0,21.0,55.0,,80.0
07/04/2016,0.0,30.0,57.0,37.0,20.0
07/04/2017,1.0,34.0,42.0,8.0,
07/04/2018,0.0,10.0,42.0,5.0,10.0
07/04/2019,1.0,19.0,,11.0,16.0
07/04/2020,0.0,16.0,,10.0,
07/05/2015,0.0,23.0,63.0,,66.0
07/05/2016,0.0,30.0,54.0,40.0,20.0
07/05/2018,0.0,12.0,50.0,6.0,10.0
07/05/2019,1.0,29.0,,37.0,26.0
07/05/2020,0.0,18.0,,12.0,
07/06/2015,0.0,22.0,42.0,5.0,
07/06/2016,0.0,26.0,34.0,29.0,26.0
07/06/2017,1.0,28.0,49.0,10.0,
07/06/2018,1.0,39.0,32.0,,10.0
07/06/2019,,17.0,,10.0,10.0
07/06/2020,,12.0,,8.0,
07/07/2015,0.0,24.0,44.0,6.0,
07/07/2016,0.0,19.0,30.0,27.0,30.0
07/07/2017,0.0,17.0,33.0,5.0,2.0
07/07/2018,1.0,19.0,47.0,10.0,10.0
07/07/2019,0.0,,65.0,6.0,
07/07/2020,,,,8.0,
07/07/2021,0.0,21.0,,10.0,
07/08/2015,0.0,24.0,78.0,6.0,
07/08/2016,0.0,16.0,71.0,11.0,32.0
07/08/2017,0.0,,59.0,8.0,4.0
07/08/2018,1.0,15.0,30.0,8.0,10.0
07/08/2019,,,,5.0,
07/08/2020,0.0,12.0,,6.0,6.0
07/08/2021,0.0,,,,
07/09/2015,0.0,18.0,70.0,6.0,
07/09/2016,1.0,32.0,58.0,44.0,36.0
07/09/2017,0.0,18.0,,10.0,22.0
07/09/2018,1.0,18.0,68.0,10.0,12.0
07/09/2019,0.0,12.0,,,
07/09/2020,0.0,25.0,,,18.0
07/09/2021,0.0,,,,
07/10/2015,0.0,22.0,49.0,8.0,
07/10/2016,0.0,9.0,65.0,,47.0
07/10/2017,0.0,14.0,49.0,10.0,6.0
07/10/2018,1.0,,34.0,,10.0
07/10/2019,,,,8.0,
07/10/2020,0.0,,,35.0,32.0
07/11/2015,0.0,26.0,89.0,12.0,0.0
07/11/2016,0.0,14.0,45.0,6.0,38.0
07/11/2017,0.0,,30.0,,6.0
07/11/2018,1.0,,,,10.0
07/11/2019,,22.0,,30.0,
07/11/2020,,,,,38.0
07/12/2015,0.0,20.0,,8.0,4.0
07/12/2016,0.0,25.0,51.0,10.0,40.0
07/12/2017,0.0,,24.0,,8.0
07/12/2018,1.0,28.0,,26.0,14.0
07/12/2019,1.0,18.0,,8.0,
07/12/2020,,15.0,,10.0,43.0
08/01/2015,,,66.0,,82.0
08/01/2016,0.0,15.0,,7.0,6.0
08/01/2017,0.0,12.0,54.0,,
08/01/2018,0.0,,34.0,,8.0
08/01/2019,1.0,12.0,162.0,8.0,20.0
08/01/2020,0.0,,,10.0,
08/01/2021,,14.0,,10.0,
08/02/2015,0.0,10.0,,,
08/02/2016,0.0,10.0,56.0,4.0,12.0
08/02/2017,0.0,13.0,32.0,5.0,
08/02/2019,1.0,,46.0,8.0,32.0
08/02/2020,,8.0,,6.0,
08/03/2015,0.0,17.0,,,
08/03/2016,1.0,,58.0,6.0,14.0
08/03/2017,0.0,17.0,49.0,6.0,
08/03/2018,1.0,18.0,,,12.0
08/03/2019,1.0,11.0,,7.0,16.0
08/03/2020,,5.0,,,
08/04/2015,,10.0,47.0,,70.0
08/04/2016,0.0,39.0,99.0,38.0,20.0
08/04/2017,1.0,22.0,39.0,5.0,
08/04/2018,0.0,,41.0,,8.0
08/04/2019,1.0,17.0,,7.0,16.0
08/04/2020,,10.0,,6.0,
08/05/2015,,15.0,56.0,,66.0
08/05/2016,0.0,26.0,57.0,38.0,20.0
08/05/2018,0.0,11.0,40.0,6.0,10.0
08/05/2019,1.0,9.0,,,14.0
08/05/2020,,4.0,,4.0,
08/06/2015,0.0,26.0,,6.0,
08/06/2016,0.0,18.0,24.0,26.0,26.0
08/06/2017,1.0,31.0,40.0,11.0,
08/06/2018,1.0,34.0,34.0,,10.0
08/06/2019,1.0,18.0,60.0,10.0,10.0
08/06/2020,0.0,24.0,,29.0,
08/07/2015,0.0,34.0,37.0,9.0,
08/07/2016,0.0,18.0,39.0,30.0,28.0
08/07/2017,0.0,18.0,46.0,5.0,2.0
08/07/2018,1.0,30.0,43.0,32.0,10.0
08/07/2019,0.0,,58.0,7.0,
08/07/2020,0.0,,,10.0,
08/07/2021,0.0,22.0,,12.0,
08/08/2015,0.0,21.0,71.0,7.0,
08/08/2016,0.0,14.0,66.0,10.0,30.0
08/08/2017,1.0,,64.0,10.0,8.0
08/08/2018,1.0,12.0,42.0,8.0,10.0
08/08/2019,0.0,,,6.0,
08/08/2020,,10.0,,6.0,6.0
08/08/2021,0.0,,,,
08/09/2015,1.0,34.0,67.0,11.0,
08/09/2016,0.0,21.0,75.0,35.0,43.0
08/09/2017,0.0,18.0,,11.0,6.0
08/09/2018,1.0,17.0,58.0,9.0,12.0
08/09/2019,0.0,13.0,,,
08/09/2020,0.0,21.0,,,16.0
08/09/2021,0.0,26.0,,34.0,
08/10/2015,0.0,26.0,54.0,6.0,
08/10/2016,0.0,9.0,54.0,,38.0
08/10/2017,0.0,14.0,48.0,10.0,6.0
08/10/2018,1.0,10.0,42.0,,10.0
08/10/2019,,18.0,,11.0,
08/10/2020,0.0,,,37.0,32.0
08/11/2015,0.0,18.0,76.0,10.0,0.0
08/11/2016,0.0,5.0,45.0,,36.0
08/11/2017,0.0,,28.0,,6.0
08/11/2018,1.0,,,,10.0
08/11/2019,,19.0,,12.0,
08/11/2020,,,,,36.0
08/12/2015,0.0,14.0,,6.0,4.0
08/12/2016,,,71.0,,38.0
08/12/2017,1.0,,23.0,,10.0
08/12/2018,1.0,8.0,,5.0,12.0
08/12/2019,,5.0,,,
08/12/2020,0.0,15.0,,10.0,43.0
09/01/2015,,,61.0,,82.0
09/01/2016,0.0,8.0,,4.0,6.0
09/01/2017,0.0,24.0,44.0,6.0,
09/01/2018,0.0,,34.0,,8.0
09/01/2019,1.0,9.0,71.0,6.0,20.0
09/01/2020,0.0,,,9.0,
09/01/2021,,11.0,,8.0,
09/02/2015,0.0,24.0,,,
09/02/2016,0.0,12.0,78.0,5.0,10.0
09/02/2017,0.0,9.0,35.0,3.0,
09/02/2018,0.0,11.0,47.0,6.0,10.0
09/02/2019,1.0,,43.0,5.0,28.0
09/02/2020,0.0,10.0,,6.0,
09/03/2015,0.0,26.0,,,
09/03/2016,0.0,,50.0,6.0,16.0
09/03/2017,0.0,10.0,36.0,4.0,
09/03/2018,1.0,16.0,,,14.0
09/03/2019,1.0,12.0,,7.0,16.0
09/03/2020,,9.0,,,
09/04/2015,,13.0,54.0,,59.0
09/04/2016,0.0,27.0,70.0,29.0,18.0
09/04/2017,0.0,17.0,40.0,5.0,
09/04/2018,0.0,,40.0,,10.0
09/04/2019,1.0,21.0,,10.0,18.0
09/04/2020,,10.0,,7.0,
09/05/2015,0.0,14.0,64.0,,62.0
09/05/2016,0.0,31.0,37.0,37.0,22.0
09/05/2018,0.0,9.0,35.0,5.0,10.0
09/05/2019,0.0,6.0,,,10.0
09/05/2020,,5.0,,4.0,
09/06/2015,1.0,40.0,,11.0,
09/06/2016,0.0,14.0,34.0,9.0,22.0
09/06/2017,1.0,48.0,34.0,37.0,
09/06/2018,1.0,18.0,45.0,,
09/06/2019,0.0,8.0,59.0,6.0,10.0
09/06/2020,0.0,,,26.0,
09/07/2015,1.0,54.0,28.0,30.0,
09/07/2016,0.0,11.0,50.0,,26.0
09/07/2017,0.0,13.0,43.0,6.0,2.0
09/07/2018,2.0,50.0,40.0,40.0,16.0
09/07/2019,0.0,14.0,55.0,6.0,
09/07/2020,0.0,,,30.0,
09/07/2021,0.0,22.0,,12.0,
09/08/2015,0.0,11.0,46.0,4.0,
09/08/2016,0.0,20.0,66.0,26.0,32.0
09/08/2017,1.0,,70.0,40.0,6.0
09/08/2018,1.0,26.0,26.0,26.0,12.0
09/08/2019,,,,7.0,
09/08/2020,,6.0,,6.0,6.0
09/09/2015,1.0,32.0,46.0,10.0,
09/09/2016,0.0,11.0,71.0,,34.0
09/09/2017,0.0,13.0,,,6.0
09/09/2018,1.0,14.0,58.0,9.0,14.0
09/09/2019,0.0,17.0,,,
09/09/2020,,20.0,,27.0,18.0
09/09/2021,1.0,18.0,,47.0,
09/10/2015,0.0,30.0,62.0,11.0,
09/10/2016,0.0,10.0,54.0,,36.0
09/10/2017,0.0,18.0,43.0,10.0,6.0
09/10/2018,1.0,22.0,65.0,10.0,12.0
09/10/2019,,18.0,,11.0,
09/10/2020,0.0,,,44.0,34.0
09/11/2015,0.0,22.0,42.0,8.0,0.0
09/11/2016,0.0,8.0,56.0,4.0,36.0
09/11/2017,0.0,,25.0,,6.0
09/11/2018,1.0,,,,12.0
09/11/2019,,15.0,,26.0,
09/11/2020,,,,,38.0
09/12/2015,1.0,23.0,,9.0,6.0
09/12/2016,,,53.0,,38.0
09/12/2017,1.0,,57.0,,18.0
09/12/2018,1.0,,63.0,,12.0
09/12/2019,,10.0,,5.0,
09/12/2020,0.0,14.0,,10.0,43.0
10/01/2015,,,51.0,,82.0
10/01/2016,0.0,9.0,,4.0,6.0
10/01/2017,0.0,26.0,55.0,8.0,
10/01/2018,,,39.0,,8.0
10/01/2019,1.0,,70.0,6.0,20.0
10/01/2020,0.0,,,10.0,
10/02/2015,0.0,19.0,,,
10/02/2016,0.0,18.0,47.0,8.0,16.0
10/02/2017,0.0,7.0,35.0,2.0,
10/02/2018,0.0,14.0,,8.0,12.0
10/02/2019,1.0,,,3.0,28.0
10/02/2020,0.0,15.0,,10.0,
10/03/2015,1.0,35.0,,,
10/03/2016,0.0,,58.0,6.0,14.0
10/03/2017,0.0,11.0,35.0,3.0,
10/03/2018,1.0,14.0,,,12.0
10/03/2019,1.0,11.0,,7.0,16.0
10/03/2020,,11.0,,,
10/04/2015,0.0,14.0,62.0,,62.0
10/04/2016,0.0,25.0,73.0,30.0,20.0
10/04/2017,0.0,22.0,33.0,,
10/04/2018,0.0,10.0,41.0,6.0,10.0
10/04/2019,1.0,5.0,,,16.0
10/04/2020,,8.0,,6.0,
10/05/2015,0.0,14.0,45.0,,64.0
10/05/2016,1.0,43.0,42.0,47.0,22.0
10/05/2018,0.0,9.0,39.0,3.0,10.0
10/05/2019,0.0,10.0,,,10.0
10/05/2020,,6.0,,5.0,
10/06/2015,1.0,47.0,38.0,30.0,
10/06/2016,0.0,19.0,37.0,10.0,24.0
10/06/2017,1.0,39.0,47.0,29.0,
10/06/2018,0.0,9.0,41.0,,
10/06/2019,,11.0,46.0,9.0,
10/06/2020,1.0,,,29.0,
10/07/2015,1.0,38.0,53.0,10.0,
10/07/2016,0.0,23.0,52.0,32.0,28.0
10/07/2017,0.0,14.0,42.0,6.0,2.0
10/07/2018,2.0,53.0,42.0,47.0,16.0
10/07/2019,0.0,18.0,54.0,8.0,
10/07/2020,0.0,,,11.0,
10/07/2021,0.0,17.0,,12.0,
10/08/2015,0.0,14.0,57.0,4.0,
10/08/2016,0.0,14.0,67.0,,34.0
10/08/2017,1.0,65.0,68.0,57.0,8.0
10/08/2018,1.0,44.0,34.0,46.0,16.0
10/08/2019,0.0,14.0,,7.0,
10/08/2020,,8.0,,6.0,12.0
10/08/2021,0.0,,,,
10/09/2015,1.0,38.0,41.0,29.0,
10/09/2016,0.0,6.0,74.0,,34.0
10/09/2017,0.0,7.0,,5.0,6.0
10/09/2018,1.0,18.0,72.0,9.0,16.0
10/09/2019,0.0,29.0,,,
10/09/2020,,16.0,,27.0,18.0
10/09/2021,1.0,,,61.0,
10/10/2015,0.0,26.0,75.0,10.0,
10/10/2016,0.0,10.0,74.0,,34.0
10/10/2017,0.0,24.0,46.0,27.0,6.0
10/10/2018,1.0,22.0,56.0,26.0,14.0
10/10/2019,,,,10.0,
10/10/2020,1.0,,,49.0,32.0
10/11/2015,0.0,18.0,78.0,6.0,0.0
10/11/2016,0.0,11.0,48.0,6.0,38.0
10/11/2017,0.0,,18.0,,6.0
10/11/2018,1.0,,,,10.0
10/11/2019,0.0,20.0,,30.0,
10/11/2020,,22.0,,26.0,36.0
10/12/2015,1.0,26.0,,10.0,6.0
10/12/2016,,,43.0,,38.0
10/12/2017,0.0,,68.0,,12.0
10/12/2018,1.0,10.0,78.0,5.0,12.0
10/12/2019,,18.0,,8.0,
10/12/2020,0.0,19.0,,12.0,43.0
11/01/2015,0.0,,70.0,,82.0
11/01/2016,0.0,18.0,,6.0,6.0
11/01/2017,0.0,21.0,79.0,9.0,
11/01/2018,,,30.0,,8.0
11/01/2019,1.0,,62.0,,20.0
11/01/2020,0.0,,,8.0,
11/02/2015,,18.0,,,
11/02/2016,0.0,28.0,47.0,11.0,12.0
11/02/2017,0.0,9.0,36.0,3.0,
11/02/2018,0.0,10.0,,6.0,8.0
11/02/2019,1.0,,34.0,6.0,28.0
11/02/2020,0.0,16.0,,9.0,
11/03/2015,0.0,37.0,,,
11/03/2016,1.0,26.0,50.0,11.0,14.0
11/03/2017,0.0,,42.0,,
11/03/2018,0.0,12.0,,,10.0
11/03/2019,1.0,11.0,,5.0,16.0
11/03/2020,,11.0,,,
11/04/2015,0.0,17.0,70.0,,64.0
11/04/2016,0.0,23.0,58.0,26.0,20.0
11/04/2017,0.0,,50.0,,
11/04/2018,0.0,10.0,42.0,5.0,8.0
11/04/2019,1.0,10.0,,7.0,20.0
11/04/2020,,9.0,,6.0,
11/05/2015,0.0,26.0,38.0,,76.0
11/05/2016,1.0,55.0,33.0,58.0,22.0
11/05/2018,1.0,18.0,50.0,8.0,10.0
11/05/2019,1.0,12.0,,9.0,10.0
11/05/2020,,,,7.0,
11/06/2015,1.0,57.0,46.0,38.0,
11/06/2016,0.0,18.0,47.0,11.0,24.0
11/06/2017,1.0,23.0,51.0,9.0,
11/06/2018,1.0,18.0,31.0,,
11/06/2019,0.0,9.0,37.0,6.0,
11/06/2020,1.0,,,29.0,
11/07/2015,0.0,27.0,54.0,6.0,
11/07/2016,1.0,27.0,54.0,38.0,30.0
11/07/2017,0.0,19.0,39.0,6.0,4.0
11/07/2018,1.0,24.0,38.0,11.0,12.0
11/07/2019,1.0,30.0,54.0,30.0,
11/07/2020,,,,7.0,
11/07/2021,1.0,19.0,,11.0,
11/08/2015,0.0,16.0,60.0,4.0,
11/08/2016,0.0,17.0,65.0,,53.0
11/08/2017,0.0,28.0,74.0,34.0,4.0
11/08/2018,1.0,28.0,54.0,34.0,40.0
11/08/2019,0.0,14.0,,6.0,
11/08/2020,,11.0,,6.0,6.0
11/08/2021,0.0,,,,
11/09/2015,0.0,26.0,45.0,10.0,
11/09/2016,0.0,6.0,66.0,,32.0
11/09/2017,0.0,13.0,,6.0,6.0
11/09/2018,1.0,22.0,57.0,11.0,14.0
11/09/2019,0.0,31.0,,,
11/09/2020,0.0,26.0,,37.0,18.0
11/09/2021,0.0,,,40.0,
11/10/2015,0.0,31.0,78.0,32.0,
11/10/2016,0.0,10.0,69.0,,34.0
11/10/2017,0.0,24.0,52.0,29.0,6.0
11/10/2018,1.0,23.0,64.0,29.0,12.0
11/10/2019,,,,9.0,
11/10/2020,,,,10.0,26.0
11/11/2015,0.0,21.0,77.0,8.0,2.0
11/11/2016,0.0,11.0,66.0,5.0,38.0
11/11/2017,0.0,,29.0,,6.0
11/11/2018,1.0,5.0,,,10.0
11/11/2019,0.0,26.0,,38.0,
11/11/2020,0.0,18.0,,10.0,36.0
11/12/2015,1.0,24.0,,10.0,6.0
11/12/2016,,,42.0,,38.0
11/12/2017,0.0,,26.0,,12.0
11/12/2018,1.0,10.0,51.0,6.0,12.0
11/12/2019,0.0,26.0,,11.0,
11/12/2020,0.0,18.0,,9.0,43.0
12/01/2015,0.0,26.0,76.0,,82.0
12/01/2016,0.0,18.0,,6.0,8.0
12/01/2017,0.0,20.0,70.0,9.0,
12/01/2018,0.0,,45.0,,10.0
12/01/2019,1.0,,73.0,,20.0
12/01/2020,1.0,,,10.0,
12/02/2015,0.0,22.0,,,
12/02/2016,0.0,16.0,60.0,8.0,10.0
12/02/2017,0.0,,33.0,,
12/02/2018,0.0,10.0,,5.0,10.0
12/02/2019,1.0,,49.0,9.0,28.0
12/02/2020,0.0,14.0,,6.0,
12/03/2015,0.0,44.0,,,
12/03/2016,1.0,19.0,50.0,7.0,14.0
12/03/2017,0.0,16.0,34.0,3.0,
12/03/2018,1.0,26.0,,,10.0
12/03/2019,1.0,11.0,,6.0,16.0
12/03/2020,,10.0,,,
12/04/2015,0.0,16.0,50.0,,66.0
12/04/2016,0.0,21.0,57.0,12.0,20.0
12/04/2017,0.0,,50.0,,
12/04/2018,0.0,8.0,37.0,,10.0
12/04/2019,1.0,11.0,,6.0,16.0
12/04/2020,,10.0,,8.0,
12/05/2015,0.0,28.0,47.0,,76.0
12/05/2016,1.0,46.0,44.0,53.0,22.0
12/05/2018,1.0,30.0,40.0,32.0,10.0
12/05/2019,1.0,14.0,,,10.0
12/05/2020,,,,8.0,
12/06/2015,1.0,60.0,53.0,38.0,
12/06/2016,0.0,18.0,,10.0,
12/06/2017,0.0,18.0,,5.0,
12/06/2018,1.0,29.0,32.0,,
12/06/2019,0.0,10.0,35.0,,
12/06/2020,0.0,,,32.0,
12/07/2015,0.0,22.0,48.0,5.0,
12/07/2016,0.0,22.0,46.0,32.0,34.0
12/07/2017,0.0,18.0,43.0,8.0,2.0
12/07/2018,1.0,19.0,35.0,9.0,16.0
12/07/2019,1.0,32.0,57.0,32.0,
12/07/2020,,,,8.0,
12/07/2021,0.0,18.0,,10.0,
12/08/2015,0.0,15.0,63.0,4.0,
12/08/2016,0.0,10.0,62.0,,32.0
12/08/2017,0.0,24.0,72.0,26.0,4.0
12/08/2018,1.0,22.0,74.0,12.0,18.0
12/08/2019,0.0,16.0,,7.0,
12/08/2020,,7.0,,5.0,6.0
12/08/2021,0.0,,,,
12/09/2015,0.0,24.0,71.0,10.0,
12/09/2016,0.0,30.0,66.0,32.0,32.0
12/09/2017,0.0,16.0,,6.0,6.0
12/09/2018,1.0,19.0,48.0,10.0,12.0
12/09/2019,0.0,35.0,,,
12/09/2020,0.0,24.0,,35.0,20.0
12/09/2021,0.0,,,29.0,
12/10/2015,0.0,36.0,78.0,43.0,
12/10/2016,0.0,17.0,42.0,8.0,34.0
12/10/2017,0.0,16.0,55.0,10.0,6.0
12/10/2018,1.0,14.0,45.0,10.0,8.0
12/10/2019,,,,12.0,
12/10/2020,,,,9.0,26.0
12/11/2015,1.0,31.0,67.0,12.0,2.0
12/11/2016,0.0,11.0,54.0,6.0,36.0
12/11/2017,0.0,,44.0,,10.0
12/11/2018,1.0,8.0,,4.0,10.0
12/11/2019,,10.0,,6.0,
12/11/2020,0.0,18.0,,12.0,38.0
12/12/2015,0.0,20.0,,8.0,6.0
12/12/2016,,,38.0,,38.0
12/12/2017,0.0,,47.0,,6.0
12/12/2018,1.0,11.0,,6.0,14.0
12/12/2019,0.0,18.0,,10.0,
12/12/2020,0.0,10.0,,8.0,43.0
13/01/2015,0.0,26.0,,,
13/01/2016,0.0,19.0,,5.0,6.0
13/01/2017,0.0,21.0,,8.0,
13/01/2018,0.0,,45.0,,8.0
13/01/2019,1.0,,50.0,,20.0
13/01/2020,0.0,,,10.0,
13/02/2015,0.0,22.0,,,
13/02/2016,0.0,10.0,69.0,6.0,10.0
13/02/2017,0.0,,31.0,2.0,
13/02/2018,0.0,9.0,73.0,5.0,10.0
13/02/2019,1.0,,37.0,6.0,24.0
13/02/2020,0.0,17.0,,10.0,
13/03/2015,1.0,38.0,,,
13/03/2016,1.0,16.0,70.0,6.0,14.0
13/03/2017,0.0,14.0,46.0,5.0,
13/03/2018,1.0,29.0,54.0,29.0,10.0
13/03/2019,1.0,15.0,,9.0,16.0
13/03/2020,,8.0,,,
13/04/2015,0.0,22.0,70.0,,64.0
13/04/2016,0.0,19.0,43.0,10.0,20.0
13/04/2017,0.0,13.0,36.0,6.0,
13/04/2018,0.0,,32.0,5.0,10.0
13/04/2019,1.0,10.0,,6.0,16.0
13/04/2020,,9.0,,6.0,
13/05/2015,0.0,15.0,,,
13/05/2016,0.0,22.0,,27.0,
13/05/2018,1.0,30.0,54.0,37.0,10.0
13/05/2019,1.0,14.0,,10.0,10.0
13/05/2020,,,,10.0,
13/06/2015,1.0,35.0,52.0,11.0,
13/06/2016,0.0,15.0,,10.0,
13/06/2017,0.0,16.0,,5.0,
13/06/2018,1.0,30.0,44.0,,12.0
13/06/2019,0.0,10.0,42.0,6.0,
13/06/2020,0.0,,,26.0,
13/07/2015,0.0,30.0,45.0,7.0,
13/07/2016,0.0,17.0,,29.0,28.0
13/07/2017,0.0,18.0,46.0,7.0,2.0
13/07/2018,1.0,22.0,36.0,11.0,
13/07/2019,1.0,44.0,65.0,46.0,
13/07/2020,0.0,,,30.0,
13/07/2021,0.0,14.0,,8.0,
13/08/2015,0.0,15.0,60.0,5.0,
13/08/2016,0.0,9.0,74.0,,28.0
13/08/2017,0.0,24.0,63.0,26.0,4.0
13/08/2018,1.0,22.0,55.0,12.0,14.0
13/08/2019,0.0,24.0,,10.0,
13/08/2020,,7.0,,6.0,8.0
13/08/2021,0.0,,,,
13/09/2015,0.0,12.0,51.0,6.0,
13/09/2016,1.0,24.0,61.0,,34.0
13/09/2017,0.0,17.0,,9.0,6.0
13/09/2018,1.0,14.0,46.0,6.0,10.0
13/09/2019,0.0,47.0,,58.0,
13/09/2020,0.0,16.0,,12.0,18.0
13/09/2021,0.0,,,37.0,
13/10/2015,0.0,42.0,78.0,37.0,
13/10/2016,1.0,14.0,62.0,8.0,34.0
13/10/2017,0.0,17.0,50.0,11.0,6.0
13/10/2018,1.0,22.0,67.0,26.0,12.0
13/10/2019,,,,29.0,
13/10/2020,,,,11.0,28.0
13/11/2015,1.0,30.0,60.0,26.0,2.0
13/11/2016,1.0,21.0,42.0,10.0,38.0
13/11/2017,1.0,,74.0,,18.0
13/11/2018,1.0,11.0,,6.0,10.0
13/11/2019,,10.0,,,
13/11/2020,0.0,20.0,,12.0,38.0
13/12/2015,0.0,21.0,,11.0,6.0
13/12/2016,,,39.0,,38.0
13/12/2017,0.0,,40.0,,6.0
13/12/2018,1.0,20.0,78.0,10.0,14.0
13/12/2019,0.0,18.0,,10.0,
13/12/2020,,10.0,,7.0,43.0
14/01/2015,,26.0,,,
14/01/2016,0.0,16.0,,6.0,10.0
14/01/2017,0.0,14.0,,6.0,
14/01/2018,,,,,12.0
14/01/2019,1.0,,60.0,,20.0
14/01/2020,0.0,,,8.0,
14/02/2015,0.0,17.0,,,
14/02/2016,0.0,10.0,74.0,5.0,10.0
14/02/2017,0.0,,33.0,3.0,
14/02/2018,0.0,10.0,77.0,6.0,10.0
14/02/2019,1.0,,38.0,3.0,24.0
14/02/2020,0.0,16.0,,7.0,
14/03/2015,0.0,23.0,,,
14/03/2016,0.0,12.0,55.0,3.0,14.0
14/03/2017,0.0,15.0,46.0,6.0,
14/03/2018,1.0,19.0,71.0,9.0,8.0
14/03/2019,1.0,20.0,,,16.0
14/03/2020,,7.0,,,
14/04/2015,0.0,24.0,66.0,,66.0
14/04/2016,0.0,20.0,51.0,11.0,22.0
14/04/2017,0.0,14.0,37.0,3.0,
14/04/2018,0.0,,34.0,,10.0
14/04/2019,1.0,16.0,,9.0,16.0
14/04/2020,,10.0,,9.0,
14/05/2015,,15.0,,,
14/05/2016,0.0,18.0,,,
14/05/2018,0.0,13.0,47.0,7.0,10.0
14/05/2019,0.0,18.0,,,10.0
14/05/2020,0.0,,,11.0,
14/06/2015,1.0,40.0,50.0,26.0,
14/06/2016,0.0,19.0,,11.0,
14/06/2017,1.0,22.0,49.0,7.0,0.0
14/06/2018,1.0,21.0,43.0,,10.0
14/06/2019,0.0,10.0,38.0,6.0,
14/06/2020,,,,6.0,
14/07/2015,0.0,32.0,46.0,6.0,
14/07/2016,0.0,17.0,,,30.0
14/07/2017,0.0,18.0,39.0,7.0,2.0
14/07/2018,1.0,20.0,45.0,10.0,
14/07/2019,1.0,37.0,69.0,38.0,
14/07/2020,0.0,,,37.0,
14/07/2021,0.0,12.0,,8.0,
14/08/2015,0.0,12.0,42.0,3.0,
14/08/2016,0.0,13.0,64.0,,30.0
14/08/2017,0.0,33.0,,30.0,6.0
14/08/2018,1.0,24.0,67.0,26.0,16.0
14/08/2019,0.0,19.0,,10.0,
14/08/2020,,15.0,,8.0,10.0
14/08/2021,0.0,,,,
14/09/2015,0.0,10.0,49.0,,
14/09/2016,1.0,48.0,70.0,46.0,36.0
14/09/2017,0.0,14.0,,7.0,6.0
14/09/2018,1.0,16.0,45.0,8.0,10.0
14/09/2019,0.0,37.0,,57.0,
14/09/2020,,23.0,,32.0,26.0
14/09/2021,1.0,,,55.0,
14/10/2015,0.0,38.0,78.0,37.0,
14/10/2016,0.0,10.0,64.0,5.0,36.0
14/10/2017,0.0,25.0,44.0,37.0,8.0
14/10/2018,1.0,17.0,75.0,10.0,14.0
14/10/2019,,,,29.0,
14/10/2020,,,,29.0,30.0
14/11/2015,1.0,22.0,46.0,10.0,2.0
14/11/2016,1.0,29.0,34.0,12.0,38.0
14/11/2017,0.0,,53.0,,6.0
14/11/2019,,15.0,,,
14/11/2020,0.0,16.0,,10.0,38.0
14/12/2015,0.0,15.0,,9.0,6.0
14/12/2016,,,26.0,,40.0
14/12/2017,0.0,,29.0,,8.0
14/12/2018,1.0,16.0,78.0,9.0,16.0
14/12/2019,,11.0,,5.0,
14/12/2020,,11.0,,8.0,43.0
15/01/2015,,24.0,,,
15/01/2016,1.0,15.0,37.0,5.0,6.0
15/01/2017,0.0,8.0,,4.0,
15/01/2018,0.0,,,,12.0
15/01/2019,1.0,11.0,65.0,,18.0
15/01/2020,0.0,,,7.0,
15/02/2015,,14.0,,,
15/02/2016,0.0,16.0,58.0,8.0,10.0
15/02/2017,0.0,,33.0,3.0,
15/02/2018,0.0,10.0,65.0,6.0,10.0
15/02/2019,1.0,20.0,25.0,9.0,20.0
15/02/2020,0.0,12.0,,6.0,
15/03/2015,0.0,20.0,,,
15/03/2016,0.0,13.0,50.0,4.0,14.0
15/03/2017,0.0,12.0,38.0,4.0,
15/03/2018,1.0,20.0,66.0,10.0,10.0
15/03/2019,1.0,18.0,,,20.0
15/03/2020,,6.0,,,
15/04/2015,0.0,26.0,74.0,,64.0
15/04/2016,0.0,23.0,62.0,26.0,22.0
15/04/2017,0.0,13.0,42.0,6.0,
15/04/2018,0.0,,40.0,,10.0
15/04/2019,1.0,8.0,,5.0,16.0
15/04/2020,,11.0,,8.0,
15/05/2015,,16.0,42.0,,59.0
15/05/2016,0.0,23.0,,34.0,
15/05/2018,0.0,10.0,40.0,4.0,10.0
15/05/2019,0.0,17.0,,12.0,10.0
15/05/2020,,,,8.0,
15/06/2015,1.0,57.0,28.0,40.0,
15/06/2016,0.0,15.0,,9.0,
15/06/2017,1.0,13.0,72.0,5.0,0.0
15/06/2018,1.0,15.0,31.0,8.0,10.0
15/06/2019,0.0,11.0,,6.0,
15/06/2020,,,,6.0,
15/07/2015,0.0,29.0,39.0,6.0,
15/07/2016,0.0,24.0,51.0,38.0,32.0
15/07/2017,0.0,13.0,39.0,4.0,0.0
15/07/2018,1.0,14.0,45.0,8.0,
15/07/2019,1.0,52.0,54.0,57.0,
15/07/2020,,,,10.0,
15/07/2021,0.0,26.0,,26.0,
15/08/2015,0.0,10.0,74.0,,
15/08/2016,0.0,23.0,58.0,27.0,30.0
15/08/2017,0.0,28.0,,26.0,6.0
15/08/2018,1.0,24.0,73.0,12.0,14.0
15/08/2019,,12.0,,6.0,
15/08/2020,,16.0,,9.0,10.0
15/08/2021,0.0,,,,
15/09/2015,0.0,14.0,72.0,6.0,
15/09/2016,1.0,39.0,67.0,46.0,38.0
15/09/2017,0.0,19.0,,10.0,6.0
15/09/2018,1.0,36.0,22.0,35.0,
15/09/2019,0.0,33.0,,58.0,
15/09/2020,0.0,24.0,,32.0,22.0
15/09/2021,1.0,,,53.0,
15/10/2015,0.0,46.0,67.0,47.0,
15/10/2016,0.0,8.0,58.0,4.0,38.0
15/10/2017,0.0,28.0,61.0,44.0,6.0
15/10/2018,1.0,,67.0,,10.0
15/10/2019,,,,40.0,
15/10/2020,0.0,,,32.0,34.0
15/11/2015,1.0,23.0,51.0,12.0,8.0
15/11/2016,1.0,21.0,34.0,9.0,38.0
15/11/2017,0.0,,54.0,,6.0
15/11/2019,0.0,14.0,,,
15/11/2020,0.0,16.0,,9.0,36.0
15/12/2015,0.0,18.0,,6.0,6.0
15/12/2016,,,34.0,,40.0
15/12/2017,0.0,6.0,33.0,,8.0
15/12/2018,1.0,13.0,78.0,6.0,14.0
15/12/2019,,7.0,,3.0,
15/12/2020,0.0,15.0,,9.0,43.0
16/01/2015,0.0,25.0,,,
16/01/2016,1.0,7.0,32.0,,6.0
16/01/2017,0.0,19.0,,7.0,
16/01/2018,0.0,12.0,36.0,6.0,10.0
16/01/2019,1.0,17.0,59.0,,20.0
16/01/2020,,,,10.0,
16/02/2015,0.0,17.0,,,
16/02/2016,0.0,18.0,65.0,10.0,10.0
16/02/2017,0.0,,35.0,5.0,
16/02/2018,0.0,10.0,72.0,6.0,10.0
16/02/2019,1.0,16.0,35.0,8.0,16.0
16/02/2020,0.0,11.0,,6.0,
16/03/2015,0.0,20.0,,,
16/03/2016,0.0,13.0,46.0,3.0,14.0
16/03/2017,0.0,14.0,39.0,4.0,
16/03/2018,1.0,18.0,69.0,9.0,10.0
16/03/2019,1.0,14.0,,,16.0
16/03/2020,,12.0,,,
16/04/2015,1.0,30.0,50.0,,72.0
16/04/2016,0.0,20.0,63.0,26.0,20.0
16/04/2018,0.0,,32.0,,10.0
16/04/2019,1.0,11.0,,6.0,16.0
16/04/2020,,20.0,,10.0,
16/05/2015,,14.0,52.0,,57.0
16/05/2016,0.0,21.0,,,
16/05/2017,1.0,,22.0,27.0,
16/05/2018,1.0,18.0,37.0,,10.0
16/05/2019,0.0,,,,10.0
16/05/2020,,,,6.0,
16/06/2015,1.0,35.0,27.0,11.0,
16/06/2016,0.0,17.0,,10.0,
16/06/2017,0.0,18.0,66.0,7.0,0.0
16/06/2018,1.0,10.0,44.0,6.0,
16/06/2019,,13.0,40.0,9.0,
16/06/2020,,,,4.0,
16/07/2015,0.0,24.0,42.0,4.0,
16/07/2016,1.0,36.0,48.0,47.0,30.0
16/07/2017,0.0,12.0,42.0,5.0,0.0
16/07/2018,1.0,17.0,34.0,8.0,
16/07/2019,1.0,49.0,64.0,52.0,
16/07/2020,,,,9.0,
16/07/2021,1.0,34.0,,34.0,
16/08/2015,0.0,10.0,59.0,,
16/08/2016,0.0,19.0,49.0,30.0,32.0
16/08/2017,0.0,22.0,,9.0,6.0
16/08/2018,1.0,18.0,56.0,8.0,
16/08/2019,,14.0,,,
16/08/2020,0.0,12.0,,8.0,10.0
16/08/2021,0.0,,,,
16/09/2015,0.0,15.0,67.0,5.0,
16/09/2016,1.0,20.0,63.0,30.0,34.0
16/09/2017,0.0,17.0,,8.0,6.0
16/09/2018,1.0,30.0,54.0,44.0,
16/09/2019,0.0,25.0,,34.0,
16/09/2020,0.0,26.0,,34.0,20.0
16/09/2021,0.0,,,,
16/10/2015,0.0,55.0,58.0,60.0,
16/10/2016,0.0,11.0,54.0,6.0,36.0
16/10/2017,0.0,24.0,47.0,35.0,6.0
16/10/2018,1.0,14.0,67.0,10.0,10.0
16/10/2019,0.0,,,64.0,
16/10/2020,,,,12.0,32.0
16/11/2015,0.0,24.0,73.0,11.0,2.0
16/11/2016,0.0,16.0,33.0,8.0,38.0
16/11/2017,0.0,9.0,63.0,6.0,6.0
16/11/2019,0.0,17.0,,,
16/11/2020,0.0,22.0,,26.0,38.0
16/12/2015,0.0,15.0,,6.0,6.0
16/12/2016,,,34.0,,40.0
16/12/2017,1.0,10.0,34.0,,12.0
16/12/2018,1.0,,63.0,6.0,14.0
16/12/2019,,8.0,,3.0,
16/12/2020,,15.0,,9.0,43.0
17/01/2015,0.0,22.0,,,
17/01/2016,0.0,,34.0,,6.0
17/01/2017,0.0,,61.0,4.0,
17/01/2018,0.0,14.0,43.0,6.0,10.0
17/01/2019,1.0,19.0,62.0,,22.0
17/01/2020,,,,6.0,
17/02/2015,0.0,18.0,,,
17/02/2016,0.0,22.0,70.0,10.0,12.0
17/02/2017,0.0,,41.0,6.0,
17/02/2018,0.0,6.0,66.0,,10.0
17/02/2019,1.0,10.0,42.0,5.0,16.0
17/02/2020,,12.0,,6.0,
17/03/2015,0.0,20.0,,,
17/03/2016,0.0,14.0,51.0,3.0,14.0
17/03/2017,0.0,,78.0,7.0,
17/03/2018,1.0,26.0,69.0,11.0,10.0
17/03/2019,,16.0,,,16.0
17/03/2020,,14.0,,,
17/04/2015,1.0,24.0,75.0,,72.0
17/04/2016,0.0,18.0,54.0,10.0,20.0
17/04/2018,0.0,8.0,35.0,4.0,10.0
17/04/2019,1.0,22.0,,10.0,16.0
17/04/2020,,12.0,,8.0,
17/05/2015,0.0,10.0,,,
17/05/2016,0.0,26.0,,30.0,
17/05/2017,0.0,,31.0,5.0,
17/05/2018,1.0,15.0,46.0,,10.0
17/05/2019,0.0,5.0,,,10.0
17/05/2020,,,,6.0,
17/06/2015,0.0,25.0,39.0,6.0,
17/06/2016,0.0,19.0,,10.0,
17/06/2017,0.0,19.0,70.0,8.0,0.0
17/06/2018,1.0,,39.0,,
17/06/2019,,14.0,40.0,9.0,
17/06/2020,,,,4.0,
17/07/2015,,16.0,42.0,3.0,
17/07/2016,1.0,33.0,50.0,43.0,32.0
17/07/2017,1.0,21.0,42.0,9.0,2.0
17/07/2018,1.0,14.0,33.0,7.0,
17/07/2019,0.0,19.0,56.0,11.0,
17/07/2020,,,,7.0,
17/07/2021,1.0,31.0,,37.0,
17/08/2015,,10.0,48.0,2.0,
17/08/2016,1.0,29.0,66.0,40.0,30.0
17/08/2017,0.0,22.0,,10.0,6.0
17/08/2018,1.0,,40.0,,
17/08/2019,0.0,15.0,,11.0,
17/08/2020,,12.0,,6.0,10.0
17/08/2021,0.0,,,,
17/09/2015,0.0,23.0,72.0,9.0,
17/09/2016,0.0,19.0,69.0,29.0,32.0
17/09/2017,0.0,9.0,,7.0,6.0
17/09/2018,1.0,34.0,29.0,40.0,
17/09/2019,0.0,,,40.0,
17/09/2020,0.0,28.0,,34.0,22.0
17/09/2021,0.0,,,,
17/10/2015,0.0,61.0,80.0,80.0,
17/10/2016,0.0,8.0,66.0,4.0,38.0
17/10/2017,0.0,12.0,39.0,8.0,6.0
17/10/2018,1.0,18.0,58.0,10.0,8.0
17/10/2019,0.0,,,64.0,
17/10/2020,,,,6.0,32.0
17/11/2015,0.0,25.0,73.0,10.0,0.0
17/11/2016,1.0,18.0,44.0,9.0,38.0
17/11/2017,0.0,14.0,55.0,8.0,6.0
17/11/2019,,9.0,,,
17/11/2020,0.0,20.0,,10.0,38.0
17/12/2015,0.0,18.0,,6.0,6.0
17/12/2016,,,34.0,,40.0
17/12/2017,1.0,5.0,38.0,,6.0
17/12/2018,1.0,12.0,51.0,6.0,14.0
17/12/2019,,11.0,,6.0,
17/12/2020,,12.0,,8.0,43.0
18/01/2015,0.0,19.0,,,
18/01/2016,0.0,6.0,78.0,,6.0
18/01/2017,0.0,,58.0,3.0,
18/01/2018,0.0,13.0,42.0,6.0,10.0
18/01/2019,1.0,14.0,58.0,,18.0
18/01/2020,,,,4.0,
18/02/2015,,18.0,,,
18/02/2016,0.0,20.0,65.0,9.0,12.0
18/02/2017,0.0,,47.0,6.0,
18/02/2018,0.0,7.0,66.0,,10.0
18/02/2019,1.0,15.0,45.0,6.0,16.0
18/02/2020,,10.0,,,
18/03/2016,0.0,18.0,58.0,4.0,14.0
18/03/2017,0.0,20.0,51.0,6.0,
18/03/2018,1.0,12.0,62.0,6.0,8.0
18/03/2019,1.0,26.0,,,16.0
18/03/2020,,16.0,,,
18/04/2015,0.0,24.0,66.0,,68.0
18/04/2016,0.0,19.0,38.0,11.0,20.0
18/04/2018,0.0,10.0,40.0,5.0,10.0
18/04/2019,1.0,23.0,,11.0,16.0
18/04/2020,,8.0,,6.0,
18/05/2015,,11.0,,,59.0
18/05/2016,0.0,17.0,,26.0,
18/05/2017,0.0,,26.0,6.0,
18/05/2018,0.0,11.0,33.0,,8.0
18/05/2019,0.0,6.0,,,10.0
18/05/2020,,,,8.0,
18/06/2015,1.0,36.0,47.0,11.0,
18/06/2016,0.0,18.0,,10.0,
18/06/2017,1.0,20.0,62.0,8.0,2.0
18/06/2018,1.0,14.0,36.0,8.0,
18/06/2019,,14.0,37.0,8.0,
18/06/2020,,,,4.0,
18/07/2015,0.0,14.0,50.0,4.0,
18/07/2016,1.0,34.0,66.0,44.0,32.0
18/07/2017,1.0,22.0,62.0,9.0,4.0
18/07/2018,1.0,9.0,32.0,5.0,
18/07/2019,,12.0,58.0,6.0,
18/07/2020,,,,8.0,
18/07/2021,1.0,30.0,,34.0,
18/08/2015,,12.0,49.0,3.0,
18/08/2016,0.0,17.0,77.0,,32.0
18/08/2017,0.0,21.0,,10.0,4.0
18/08/2018,1.0,,45.0,,
18/08/2019,1.0,30.0,,40.0,
18/08/2020,,10.0,,,10.0
18/08/2021,0.0,,,,
18/09/2015,0.0,26.0,44.0,10.0,
18/09/2016,0.0,14.0,97.0,,36.0
18/09/2017,0.0,15.0,,10.0,6.0
18/09/2018,1.0,34.0,26.0,37.0,
18/09/2019,1.0,,,66.0,
18/09/2020,0.0,30.0,,35.0,22.0
18/09/2021,0.0,,,,
18/10/2015,1.0,49.0,77.0,57.0,
18/10/2016,0.0,12.0,47.0,5.0,36.0
18/10/2017,0.0,14.0,43.0,8.0,6.0
18/10/2018,1.0,35.0,47.0,29.0,10.0
18/10/2019,0.0,,,86.0,
18/10/2020,,,,6.0,32.0
18/11/2015,0.0,21.0,77.0,7.0,0.0
18/11/2016,1.0,16.0,38.0,7.0,38.0
18/11/2017,0.0,15.0,57.0,10.0,8.0
18/11/2019,,14.0,,,
18/11/2020,,14.0,,10.0,38.0
18/12/2015,1.0,,,8.0,6.0
18/12/2016,,,42.0,,40.0
18/12/2017,0.0,6.0,42.0,,8.0
18/12/2018,1.0,20.0,106.0,11.0,14.0
18/12/2019,,14.0,,6.0,
18/12/2020,0.0,18.0,,11.0,45.0
19/01/2015,0.0,24.0,,,
19/01/2016,0.0,8.0,70.0,,6.0
19/01/2017,0.0,,78.0,6.0,
19/01/2018,0.0,,53.0,7.0,10.0
19/01/2019,0.0,9.0,57.0,,16.0
19/01/2020,,,,5.0,
19/02/2015,1.0,31.0,,,
19/02/2016,0.0,22.0,59.0,10.0,12.0
19/02/2017,0.0,,44.0,4.0,
19/02/2018,0.0,15.0,67.0,,12.0
19/03/2015,0.0,,,,
19/03/2016,0.0,19.0,74.0,5.0,16.0
19/03/2017,1.0,16.0,41.0,5.0,
19/03/2018,0.0,18.0,60.0,9.0,10.0
19/03/2019,1.0,26.0,,,18.0
19/03/2020,,17.0,,,
19/04/2015,0.0,22.0,79.0,,70.0
19/04/2016,0.0,19.0,46.0,11.0,20.0
19/04/2018,0.0,13.0,40.0,6.0,10.0
19/04/2019,1.0,18.0,,9.0,18.0
19/04/2020,,7.0,,6.0,
19/05/2015,0.0,18.0,48.0,,59.0
19/05/2016,0.0,18.0,,27.0,
19/05/2017,0.0,,26.0,4.0,
19/05/2018,0.0,14.0,27.0,,10.0
19/05/2019,0.0,6.0,,,10.0
19/05/2020,,,,6.0,
19/06/2015,1.0,43.0,44.0,27.0,
19/06/2016,1.0,42.0,,38.0,
19/06/2017,1.0,46.0,38.0,34.0,6.0
19/06/2018,1.0,7.0,29.0,4.0,
19/06/2019,1.0,26.0,34.0,26.0,
19/06/2020,0.0,,,6.0,
19/07/2015,0.0,12.0,50.0,4.0,
19/07/2016,1.0,46.0,50.0,52.0,26.0
19/07/2017,0.0,17.0,50.0,6.0,2.0
19/07/2018,1.0,11.0,38.0,6.0,
19/07/2019,0.0,12.0,53.0,5.0,
19/07/2020,,,,4.0,
19/07/2021,0.0,34.0,,26.0,
19/08/2015,,20.0,50.0,7.0,
19/08/2016,0.0,15.0,68.0,26.0,28.0
19/08/2017,0.0,18.0,,9.0,6.0
19/08/2018,1.0,,50.0,,
19/08/2019,1.0,42.0,,47.0,
19/08/2020,,14.0,,,10.0
19/08/2021,0.0,,,,
19/09/2015,0.0,19.0,46.0,7.0,
19/09/2016,0.0,12.0,47.0,,34.0
19/09/2017,0.0,14.0,,7.0,6.0
19/09/2018,1.0,27.0,46.0,34.0,
19/09/2019,1.0,38.0,,64.0,
19/09/2020,0.0,35.0,,44.0,22.0
19/09/2021,1.0,,,,
19/10/2015,0.0,44.0,60.0,46.0,
19/10/2016,0.0,21.0,85.0,8.0,36.0
19/10/2017,0.0,23.0,58.0,29.0,6.0
19/10/2018,1.0,42.0,56.0,37.0,14.0
19/10/2019,0.0,,,69.0,
19/10/2020,,,,6.0,32.0
19/11/2015,0.0,26.0,71.0,10.0,0.0
19/11/2016,1.0,18.0,58.0,7.0,38.0
19/11/2017,0.0,10.0,62.0,6.0,6.0
19/11/2019,,16.0,,,
19/11/2020,0.0,22.0,,11.0,38.0
19/12/2015,1.0,,,11.0,6.0
19/12/2016,,,38.0,,40.0
19/12/2017,0.0,6.0,50.0,,6.0
19/12/2018,1.0,22.0,,26.0,14.0
19/12/2019,,14.0,,9.0,
19/12/2020,0.0,14.0,,10.0,43.0
20/01/2015,0.0,27.0,,,
20/01/2016,0.0,6.0,80.0,3.0,8.0
20/01/2017,0.0,14.0,70.0,,
20/01/2018,0.0,,51.0,6.0,10.0
20/01/2019,1.0,11.0,61.0,,18.0
20/01/2020,,,,6.0,
20/02/2015,1.0,26.0,,,
20/02/2016,0.0,12.0,65.0,5.0,12.0
20/02/2017,0.0,,29.0,,
20/02/2018,0.0,17.0,,,14.0
20/02/2019,1.0,23.0,,10.0,16.0
20/03/2015,0.0,19.0,,,
20/03/2016,0.0,14.0,62.0,,16.0
20/03/2017,0.0,13.0,35.0,4.0,
20/03/2018,1.0,19.0,46.0,10.0,10.0
20/03/2019,1.0,16.0,,,16.0
20/03/2020,,17.0,,,
20/04/2015,0.0,28.0,72.0,,70.0
20/04/2016,0.0,22.0,45.0,10.0,20.0
20/04/2018,0.0,18.0,61.0,9.0,12.0
20/04/2019,1.0,19.0,,11.0,18.0
20/04/2020,,10.0,,7.0,
20/05/2015,0.0,16.0,44.0,,60.0
20/05/2016,0.0,26.0,50.0,40.0,20.0
20/05/2017,0.0,,14.0,6.0,
20/05/2018,1.0,14.0,30.0,,22.0
20/05/2019,1.0,20.0,,29.0,10.0
20/05/2020,,6.0,,6.0,
20/06/2015,,17.0,45.0,,
20/06/2016,1.0,46.0,,40.0,
20/06/2017,1.0,22.0,38.0,7.0,2.0
20/06/2018,1.0,10.0,35.0,5.0,
20/06/2019,1.0,30.0,31.0,32.0,
20/06/2020,,,,6.0,
20/07/2015,,13.0,46.0,,
20/07/2016,0.0,29.0,52.0,38.0,30.0
20/07/2017,0.0,22.0,58.0,11.0,2.0
20/07/2018,1.0,21.0,41.0,7.0,
20/07/2019,0.0,10.0,54.0,5.0,
20/07/2020,,,,5.0,
20/07/2021,0.0,23.0,,11.0,
20/08/2015,0.0,32.0,65.0,11.0,
20/08/2016,0.0,11.0,48.0,,28.0
20/08/2017,0.0,22.0,,10.0,6.0
20/08/2018,1.0,,50.0,,
20/08/2019,0.0,32.0,,43.0,
20/08/2020,,21.0,,,10.0
20/08/2021,0.0,,,,
20/09/2015,0.0,17.0,46.0,6.0,
20/09/2016,0.0,14.0,66.0,10.0,40.0
20/09/2017,0.0,12.0,,7.0,6.0
20/09/2018,1.0,24.0,38.0,30.0,
20/09/2019,,38.0,,66.0,
20/09/2020,0.0,31.0,,44.0,20.0
20/09/2021,0.0,,,,
20/10/2015,0.0,48.0,73.0,47.0,
20/10/2016,1.0,20.0,68.0,9.0,36.0
20/10/2017,0.0,23.0,53.0,34.0,6.0
20/10/2018,1.0,,46.0,,10.0
20/10/2019,,,,27.0,
20/10/2020,,,,,32.0
20/11/2015,1.0,28.0,135.0,11.0,0.0
20/11/2016,1.0,18.0,75.0,8.0,38.0
20/11/2017,0.0,14.0,41.0,,8.0
20/11/2019,,14.0,,,
20/11/2020,0.0,16.0,,10.0,40.0
20/12/2015,0.0,,,6.0,6.0
20/12/2016,,,45.0,,40.0
20/12/2017,0.0,5.0,45.0,,6.0
20/12/2018,1.0,18.0,,11.0,16.0
20/12/2019,,14.0,,7.0,
20/12/2020,0.0,10.0,,7.0,43.0
21/01/2015,0.0,31.0,,,
21/01/2016,0.0,6.0,79.0,,8.0
21/01/2017,0.0,12.0,62.0,,
21/01/2018,0.0,,52.0,6.0,10.0
21/01/2019,1.0,11.0,57.0,,16.0
21/01/2020,,,,7.0,
21/02/2015,0.0,22.0,,,
21/02/2016,0.0,15.0,58.0,6.0,12.0
21/02/2017,0.0,,28.0,3.0,
21/02/2018,0.0,18.0,,,12.0
21/02/2019,1.0,18.0,,8.0,16.0
21/03/2015,0.0,24.0,,,
21/03/2016,0.0,18.0,67.0,5.0,16.0
21/03/2017,0.0,10.0,40.0,,
21/03/2018,1.0,34.0,30.0,32.0,10.0
21/03/2019,1.0,9.0,,,16.0
21/03/2020,,10.0,,,
21/04/2015,0.0,34.0,141.0,,74.0
21/04/2016,0.0,17.0,56.0,10.0,18.0
21/04/2018,0.0,11.0,47.0,6.0,10.0
21/04/2019,1.0,14.0,,9.0,18.0
21/04/2020,,10.0,,8.0,
21/05/2015,,18.0,44.0,,59.0
21/05/2016,0.0,26.0,53.0,37.0,24.0
21/05/2017,0.0,,26.0,3.0,
21/05/2018,1.0,27.0,43.0,,12.0
21/05/2019,1.0,34.0,56.0,40.0,12.0
21/05/2020,,8.0,,7.0,
21/06/2015,,16.0,46.0,2.0,
21/06/2016,0.0,39.0,,35.0,
21/06/2017,0.0,18.0,48.0,7.0,0.0
21/06/2018,1.0,30.0,34.0,26.0,
21/06/2019,0.0,14.0,46.0,9.0,
21/06/2020,,,,4.0,
21/07/2015,1.0,34.0,41.0,12.0,
21/07/2016,0.0,19.0,62.0,,28.0
21/07/2017,1.0,26.0,54.0,10.0,4.0
21/07/2018,1.0,18.0,63.0,10.0,16.0
21/07/2019,0.0,,52.0,,
21/07/2020,,,,7.0,
21/07/2021,0.0,24.0,,27.0,
21/08/2015,0.0,26.0,67.0,8.0,
21/08/2016,0.0,18.0,56.0,27.0,34.0
21/08/2017,0.0,34.0,,27.0,6.0
21/08/2018,1.0,,49.0,,
21/08/2019,0.0,25.0,,37.0,
21/08/2020,,9.0,,,10.0
21/08/2021,0.0,,,,
21/09/2015,0.0,22.0,78.0,8.0,
21/09/2016,0.0,11.0,54.0,,34.0
21/09/2017,0.0,14.0,,7.0,6.0
21/09/2018,1.0,37.0,38.0,37.0,
21/09/2019,0.0,39.0,,68.0,
21/09/2020,0.0,22.0,,35.0,22.0
21/09/2021,1.0,,,,
21/10/2015,0.0,54.0,74.0,49.0,
21/10/2016,0.0,14.0,60.0,6.0,36.0
21/10/2017,0.0,,43.0,38.0,6.0
21/10/2018,1.0,9.0,47.0,5.0,10.0
21/10/2019,0.0,,,52.0,
21/10/2020,0.0,,,,32.0
21/11/2015,1.0,25.0,143.0,10.0,2.0
21/11/2016,1.0,18.0,54.0,8.0,38.0
21/11/2017,1.0,10.0,34.0,,8.0
21/11/2019,,7.0,,,
21/11/2020,,7.0,,6.0,38.0
21/12/2015,0.0,,,6.0,6.0
21/12/2016,,,48.0,,43.0
21/12/2017,,6.0,42.0,,8.0
21/12/2018,1.0,22.0,,26.0,14.0
21/12/2019,0.0,16.0,,9.0,
21/12/2020,,12.0,,9.0,43.0
22/01/2015,0.0,25.0,,,
22/01/2016,0.0,8.0,58.0,4.0,10.0
22/01/2018,,,46.0,7.0,10.0
22/01/2019,1.0,14.0,59.0,,18.0
22/01/2020,,,,6.0,
22/02/2015,0.0,16.0,,,
22/02/2016,0.0,14.0,50.0,5.0,12.0
22/02/2017,0.0,,30.0,4.0,
22/02/2018,0.0,17.0,,,14.0
22/02/2019,1.0,14.0,,7.0,16.0
22/03/2015,0.0,18.0,,,
22/03/2016,0.0,29.0,65.0,10.0,18.0
22/03/2017,0.0,12.0,44.0,3.0,
22/03/2018,1.0,23.0,49.0,11.0,10.0
22/03/2019,1.0,6.0,,,16.0
22/03/2020,,5.0,,,
22/04/2015,0.0,23.0,119.0,,74.0
22/04/2016,0.0,22.0,60.0,26.0,22.0
22/04/2018,0.0,,53.0,,10.0
22/04/2019,1.0,14.0,,,16.0
22/04/2020,0.0,14.0,,9.0,
22/05/2015,,21.0,45.0,,
22/05/2016,0.0,25.0,56.0,37.0,20.0
22/05/2017,1.0,,21.0,8.0,
22/05/2018,1.0,29.0,49.0,,10.0
22/05/2019,1.0,27.0,70.0,30.0,14.0
22/05/2020,,16.0,,10.0,
22/06/2015,0.0,21.0,44.0,3.0,
22/06/2016,0.0,33.0,,30.0,
22/06/2017,0.0,14.0,47.0,5.0,0.0
22/06/2018,1.0,22.0,45.0,10.0,
22/06/2019,0.0,12.0,41.0,7.0,
22/06/2020,,,,5.0,
22/07/2015,1.0,21.0,56.0,6.0,
22/07/2016,0.0,18.0,,,
22/07/2017,1.0,30.0,62.0,26.0,4.0
22/07/2018,1.0,14.0,44.0,8.0,
22/07/2019,0.0,8.0,49.0,5.0,
22/07/2020,,,,7.0,
22/07/2021,0.0,21.0,,,
22/08/2015,0.0,19.0,66.0,6.0,
22/08/2016,0.0,23.0,47.0,34.0,30.0
22/08/2017,0.0,15.0,,7.0,4.0
22/08/2018,1.0,,46.0,,
22/08/2019,0.0,18.0,,27.0,
22/08/2020,,2.0,,,10.0
22/08/2021,0.0,,,,
22/09/2015,0.0,29.0,86.0,11.0,
22/09/2016,0.0,16.0,70.0,,32.0
22/09/2017,0.0,18.0,,10.0,6.0
22/09/2018,1.0,19.0,75.0,26.0,12.0
22/09/2019,0.0,30.0,,46.0,
22/09/2020,0.0,21.0,,32.0,22.0
22/09/2021,1.0,,,,
22/10/2015,0.0,43.0,95.0,,4.0
22/10/2016,0.0,6.0,66.0,,34.0
22/10/2017,0.0,,54.0,38.0,10.0
22/10/2018,,9.0,,,10.0
22/10/2019,0.0,,,37.0,
22/10/2020,,,,,32.0
22/11/2015,0.0,11.0,153.0,4.0,0.0
22/11/2016,1.0,20.0,41.0,9.0,38.0
22/11/2017,0.0,12.0,30.0,,10.0
22/11/2019,,11.0,,,
22/11/2020,,8.0,,6.0,38.0
22/12/2015,0.0,,,5.0,6.0
22/12/2016,,,38.0,,43.0
22/12/2017,0.0,8.0,41.0,,8.0
22/12/2018,1.0,26.0,,29.0,16.0
22/12/2019,0.0,14.0,,7.0,
22/12/2020,0.0,12.0,,8.0,43.0
23/01/2015,0.0,23.0,,,
23/01/2016,0.0,8.0,51.0,3.0,10.0
23/01/2018,0.0,,42.0,7.0,10.0
23/01/2019,1.0,14.0,59.0,,18.0
23/01/2020,,,,8.0,
23/02/2015,,16.0,,,
23/02/2016,0.0,14.0,50.0,6.0,14.0
23/02/2017,0.0,11.0,38.0,3.0,
23/02/2018,0.0,21.0,,,12.0
23/02/2019,1.0,14.0,,6.0,16.0
23/03/2015,0.0,30.0,,,
23/03/2016,1.0,43.0,71.0,27.0,16.0
23/03/2017,0.0,12.0,39.0,,
23/03/2018,1.0,8.0,45.0,5.0,10.0
23/03/2019,1.0,6.0,64.0,,16.0
23/03/2020,,5.0,,,
23/04/2015,0.0,16.0,82.0,,70.0
23/04/2016,0.0,18.0,54.0,10.0,24.0
23/04/2018,0.0,9.0,43.0,5.0,10.0
23/04/2019,1.0,9.0,,,16.0
23/04/2020,,14.0,,10.0,
23/05/2015,0.0,21.0,47.0,,
23/05/2016,1.0,43.0,46.0,52.0,24.0
23/05/2017,1.0,,27.0,5.0,
23/05/2018,1.0,22.0,58.0,,12.0
23/05/2019,1.0,28.0,77.0,30.0,10.0
23/05/2020,0.0,16.0,,10.0,
23/06/2015,1.0,34.0,46.0,10.0,
23/06/2016,1.0,36.0,37.0,38.0,28.0
23/06/2017,0.0,17.0,42.0,6.0,0.0
23/06/2018,1.0,11.0,34.0,6.0,
23/06/2019,,10.0,41.0,6.0,
23/06/2020,0.0,,,6.0,
23/07/2015,0.0,14.0,56.0,5.0,
23/07/2016,0.0,21.0,,,
23/07/2017,0.0,22.0,62.0,8.0,4.0
23/07/2018,1.0,15.0,41.0,8.0,
23/07/2019,0.0,10.0,51.0,5.0,
23/07/2020,,,,6.0,
23/07/2021,0.0,,,,
23/08/2015,0.0,21.0,55.0,7.0,
23/08/2016,1.0,50.0,46.0,61.0,30.0
23/08/2017,0.0,11.0,,5.0,6.0
23/08/2018,1.0,,44.0,,
23/08/2019,0.0,18.0,,11.0,
23/08/2020,,,,,10.0
23/08/2021,0.0,,,,
23/09/2015,0.0,35.0,77.0,27.0,
23/09/2016,0.0,12.0,70.0,,38.0
23/09/2017,0.0,14.0,,9.0,6.0
23/09/2018,1.0,12.0,62.0,,10.0
23/09/2019,,15.0,,6.0,
23/09/2020,,6.0,,6.0,22.0
23/09/2021,0.0,,,,
23/10/2015,0.0,24.0,76.0,,2.0
23/10/2016,0.0,9.0,62.0,5.0,36.0
23/10/2017,0.0,,54.0,32.0,6.0
23/10/2018,1.0,13.0,56.0,6.0,12.0
23/10/2019,,,,10.0,
23/10/2020,,,,,32.0
23/11/2015,0.0,20.0,135.0,8.0,0.0
23/11/2016,0.0,6.0,34.0,,38.0
23/11/2017,0.0,10.0,30.0,,10.0
23/11/2019,0.0,16.0,,,
23/11/2020,,9.0,,7.0,38.0
23/12/2015,0.0,,,3.0,6.0
23/12/2016,,,39.0,,43.0
23/12/2017,0.0,6.0,58.0,,8.0
23/12/2018,1.0,18.0,,12.0,16.0
23/12/2019,,14.0,,7.0,
23/12/2020,,16.0,,10.0,45.0
24/01/2015,0.0,19.0,,,
24/01/2016,0.0,8.0,73.0,3.0,10.0
24/01/2018,0.0,,42.0,7.0,10.0
24/01/2019,1.0,11.0,54.0,6.0,16.0
24/01/2020,,,,6.0,
24/02/2015,,15.0,,,
24/02/2016,0.0,16.0,51.0,6.0,14.0
24/02/2017,0.0,13.0,66.0,4.0,
24/02/2018,0.0,8.0,,,10.0
24/02/2019,1.0,16.0,,8.0,16.0
24/03/2015,0.0,21.0,,,
24/03/2016,1.0,30.0,54.0,10.0,16.0
24/03/2017,0.0,17.0,50.0,6.0,
24/03/2018,0.0,6.0,38.0,3.0,10.0
24/03/2019,1.0,6.0,172.0,,16.0
24/03/2020,,6.0,,,
24/04/2015,0.0,26.0,60.0,,70.0
24/04/2016,0.0,19.0,63.0,10.0,22.0
24/04/2018,0.0,,34.0,,8.0
24/04/2019,1.0,10.0,,6.0,16.0
24/04/2020,,14.0,,9.0,
24/05/2015,1.0,32.0,57.0,,
24/05/2016,1.0,46.0,39.0,52.0,22.0
24/05/2017,0.0,,31.0,5.0,
24/05/2018,0.0,11.0,41.0,,10.0
24/05/2019,1.0,36.0,45.0,40.0,10.0
24/05/2020,,11.0,,10.0,
24/06/2015,0.0,23.0,56.0,5.0,
24/06/2016,1.0,55.0,42.0,57.0,24.0
24/06/2017,0.0,14.0,37.0,4.0,0.0
24/06/2018,1.0,13.0,30.0,7.0,
24/06/2019,1.0,22.0,,11.0,
24/06/2020,0.0,,,9.0,
24/07/2015,0.0,19.0,52.0,6.0,
24/07/2016,1.0,36.0,,,
24/07/2017,0.0,18.0,42.0,6.0,2.0
24/07/2018,1.0,13.0,39.0,8.0,
24/07/2019,0.0,16.0,53.0,9.0,
24/07/2020,,,,6.0,
24/07/2021,0.0,,,,
24/08/2015,0.0,30.0,79.0,10.0,
24/08/2016,1.0,51.0,62.0,68.0,30.0
24/08/2017,0.0,14.0,,7.0,6.0
24/08/2018,1.0,,39.0,,
24/08/2019,0.0,14.0,,,
24/08/2020,,6.0,,,10.0
24/08/2021,0.0,,,,
24/09/2015,1.0,48.0,82.0,44.0,
24/09/2016,0.0,11.0,78.0,,34.0
24/09/2017,0.0,17.0,,10.0,6.0
24/09/2018,1.0,15.0,62.0,10.0,10.0
24/09/2019,,20.0,,26.0,
24/09/2020,,,,5.0,24.0
24/09/2021,0.0,,,,
24/10/2015,0.0,18.0,70.0,,
24/10/2016,0.0,19.0,64.0,8.0,36.0
24/10/2017,0.0,,45.0,12.0,6.0
24/10/2018,1.0,20.0,62.0,9.0,10.0
24/10/2019,,,,6.0,
24/10/2020,,,,,32.0
24/11/2015,0.0,23.0,49.0,9.0,6.0
24/11/2016,0.0,6.0,78.0,2.0,38.0
24/11/2017,0.0,5.0,25.0,,8.0
24/11/2019,0.0,16.0,,,
24/11/2020,,9.0,,6.0,38.0
24/12/2015,0.0,14.0,,5.0,6.0
24/12/2016,,,54.0,,43.0
24/12/2017,0.0,6.0,49.0,,8.0
24/12/2018,1.0,,,,14.0
24/12/2019,,13.0,,6.0,
24/12/2020,,9.0,,8.0,43.0
25/01/2015,0.0,20.0,,,
25/01/2016,0.0,14.0,53.0,6.0,10.0
25/01/2018,,,37.0,6.0,10.0
25/01/2019,0.0,10.0,46.0,5.0,16.0
25/01/2020,,,,8.0,
25/02/2015,,17.0,,,
25/02/2016,0.0,16.0,50.0,7.0,12.0
25/02/2017,0.0,,48.0,6.0,
25/02/2018,0.0,6.0,75.0,,10.0
25/02/2019,1.0,23.0,66.0,9.0,16.0
25/03/2015,0.0,17.0,44.0,,57.0
25/03/2016,1.0,18.0,58.0,6.0,16.0
25/03/2017,0.0,,63.0,10.0,
25/03/2018,0.0,,38.0,,10.0
25/03/2019,1.0,,77.0,,16.0
25/03/2020,,9.0,,,
25/04/2015,0.0,26.0,63.0,,81.0
25/04/2016,1.0,34.0,53.0,35.0,22.0
25/04/2018,0.0,10.0,30.0,4.0,10.0
25/04/2019,1.0,8.0,80.0,5.0,16.0
25/04/2020,,11.0,,7.0,
25/05/2015,1.0,58.0,78.0,,
25/05/2016,1.0,59.0,50.0,69.0,22.0
25/05/2017,0.0,,28.0,3.0,
25/05/2018,0.0,10.0,44.0,,10.0
25/05/2019,1.0,26.0,49.0,32.0,12.0
25/05/2020,,22.0,,10.0,
25/06/2015,,17.0,56.0,,
25/06/2016,1.0,64.0,38.0,63.0,22.0
25/06/2017,0.0,13.0,43.0,4.0,0.0
25/06/2018,1.0,14.0,29.0,7.0,
25/06/2019,1.0,30.0,,43.0,
25/06/2020,,,,11.0,
25/07/2015,0.0,22.0,55.0,7.0,
25/07/2016,1.0,31.0,,,
25/07/2017,0.0,17.0,46.0,6.0,4.0
25/07/2018,1.0,12.0,42.0,6.0,
25/07/2019,0.0,12.0,45.0,6.0,
25/07/2020,,,,4.0,
25/07/2021,0.0,,,,
25/08/2015,0.0,29.0,77.0,9.0,
25/08/2016,0.0,29.0,62.0,37.0,30.0
25/08/2017,0.0,14.0,,6.0,6.0
25/08/2018,1.0,,44.0,,
25/08/2019,0.0,9.0,,,
25/08/2020,,10.0,,,10.0
25/08/2021,0.0,,,,
25/09/2015,1.0,44.0,93.0,35.0,
25/09/2016,0.0,16.0,68.0,12.0,32.0
25/09/2017,0.0,18.0,,10.0,6.0
25/09/2018,1.0,17.0,53.0,10.0,10.0
25/09/2019,0.0,,,,
25/09/2020,0.0,,,6.0,24.0
25/09/2021,0.0,,,,
25/10/2015,0.0,18.0,59.0,,
25/10/2016,1.0,30.0,71.0,10.0,36.0
25/10/2017,0.0,,46.0,9.0,6.0
25/10/2018,1.0,20.0,46.0,9.0,10.0
25/10/2019,,,,11.0,
25/10/2020,0.0,,,,32.0
25/11/2015,1.0,32.0,57.0,12.0,4.0
25/11/2016,0.0,4.0,61.0,,36.0
25/11/2017,0.0,5.0,35.0,,6.0
25/11/2019,,9.0,,,
25/11/2020,,10.0,,6.0,38.0
25/12/2015,0.0,15.0,,6.0,6.0
25/12/2016,,,50.0,,45.0
25/12/2017,0.0,8.0,45.0,,10.0
25/12/2018,1.0,10.0,,6.0,14.0
25/12/2019,,8.0,,6.0,
25/12/2020,,8.0,,6.0,43.0
26/01/2015,0.0,29.0,,,
26/01/2016,0.0,18.0,73.0,6.0,10.0
26/01/2018,0.0,,46.0,7.0,10.0
26/01/2019,1.0,14.0,40.0,6.0,18.0
26/01/2020,,,,7.0,
26/02/2015,0.0,26.0,,,
26/02/2016,1.0,24.0,54.0,10.0,12.0
26/02/2017,0.0,18.0,32.0,7.0,
26/02/2018,0.0,13.0,75.0,,12.0
26/02/2019,,,62.0,,
26/03/2015,0.0,24.0,42.0,,68.0
26/03/2016,0.0,19.0,60.0,6.0,16.0
26/03/2017,0.0,,54.0,7.0,
26/03/2018,0.0,10.0,41.0,5.0,10.0
26/03/2019,1.0,,76.0,,16.0
26/03/2020,,10.0,,7.0,
26/04/2015,,11.0,66.0,,76.0
26/04/2016,1.0,34.0,52.0,37.0,22.0
26/04/2018,0.0,12.0,38.0,6.0,8.0
26/04/2019,1.0,10.0,80.0,6.0,16.0
26/04/2020,,9.0,,6.0,
26/05/2015,1.0,35.0,53.0,,
26/05/2016,1.0,35.0,60.0,49.0,22.0
26/05/2017,0.0,,25.0,5.0,
26/05/2018,0.0,6.0,42.0,,10.0
26/05/2019,1.0,14.0,70.0,9.0,10.0
26/05/2020,0.0,21.0,,11.0,
26/06/2015,,17.0,49.0,3.0,
26/06/2016,1.0,44.0,43.0,43.0,24.0
26/06/2017,0.0,13.0,34.0,4.0,0.0
26/06/2018,1.0,14.0,26.0,8.0,
26/06/2019,1.0,26.0,,,
26/06/2020,0.0,,,26.0,
26/06/2021,0.0,,,,
26/07/2015,0.0,18.0,55.0,7.0,
26/07/2016,1.0,46.0,,,
26/07/2017,0.0,18.0,48.0,5.0,2.0
26/07/2018,1.0,12.0,40.0,7.0,
26/07/2019,0.0,12.0,55.0,6.0,
26/07/2020,,,,6.0,
26/07/2021,0.0,,,,
26/08/2015,0.0,30.0,,11.0,
26/08/2016,0.0,26.0,59.0,37.0,32.0
26/08/2017,0.0,13.0,,7.0,6.0
26/08/2018,1.0,,57.0,,
26/08/2019,0.0,10.0,,,
26/08/2020,0.0,8.0,,,12.0
26/08/2021,0.0,,,,
26/09/2015,0.0,38.0,94.0,34.0,
26/09/2016,0.0,24.0,65.0,30.0,32.0
26/09/2017,0.0,14.0,,10.0,6.0
26/09/2018,1.0,14.0,44.0,9.0,10.0
26/09/2019,1.0,,,,
26/09/2020,0.0,,,6.0,24.0
26/09/2021,0.0,,,,
26/10/2015,0.0,18.0,77.0,,
26/10/2016,1.0,32.0,67.0,29.0,36.0
26/10/2017,0.0,,50.0,,6.0
26/10/2018,1.0,21.0,50.0,10.0,12.0
26/10/2019,,,,10.0,
26/10/2020,0.0,,,,36.0
26/11/2015,0.0,18.0,89.0,6.0,4.0
26/11/2016,0.0,6.0,61.0,,36.0
26/11/2017,0.0,8.0,39.0,,10.0
26/11/2019,,10.0,,,
26/11/2020,,8.0,,7.0,38.0
26/12/2015,0.0,15.0,,7.0,6.0
26/12/2016,,,42.0,,43.0
26/12/2017,0.0,9.0,46.0,,8.0
26/12/2018,1.0,,,,14.0
26/12/2019,,9.0,,5.0,
26/12/2020,,8.0,,6.0,43.0
27/01/2015,1.0,32.0,,,
27/01/2016,0.0,15.0,99.0,7.0,10.0
27/01/2018,0.0,,47.0,7.0,10.0
27/01/2019,1.0,12.0,41.0,7.0,20.0
27/01/2020,,,,6.0,
27/02/2015,0.0,26.0,,,
27/02/2016,1.0,21.0,67.0,10.0,12.0
27/02/2017,0.0,,34.0,,
27/02/2018,0.0,14.0,66.0,,12.0
27/03/2015,0.0,30.0,66.0,,76.0
27/03/2016,0.0,18.0,63.0,6.0,18.0
27/03/2017,0.0,,41.0,8.0,
27/03/2018,0.0,11.0,47.0,6.0,10.0
27/03/2019,1.0,,82.0,,16.0
27/03/2020,,10.0,,6.0,
27/04/2015,,14.0,62.0,,70.0
27/04/2016,1.0,39.0,37.0,40.0,32.0
27/04/2018,0.0,11.0,42.0,6.0,10.0
27/04/2019,1.0,8.0,44.0,6.0,16.0
27/04/2020,,7.0,,6.0,
27/05/2015,1.0,36.0,46.0,,
27/05/2016,1.0,42.0,69.0,49.0,24.0
27/05/2017,0.0,,38.0,5.0,
27/05/2018,0.0,4.0,45.0,,10.0
27/05/2019,1.0,18.0,67.0,27.0,10.0
27/05/2020,0.0,24.0,,11.0,
27/06/2015,,18.0,49.0,,
27/06/2016,1.0,44.0,32.0,43.0,24.0
27/06/2017,0.0,14.0,36.0,3.0,2.0
27/06/2018,1.0,15.0,40.0,9.0,
27/06/2019,1.0,14.0,,,
27/06/2020,,,,10.0,
27/06/2021,0.0,,,,
27/07/2015,0.0,16.0,45.0,5.0,
27/07/2016,1.0,31.0,54.0,,32.0
27/07/2017,0.0,16.0,47.0,6.0,4.0
27/07/2018,1.0,13.0,38.0,7.0,
27/07/2019,0.0,15.0,61.0,8.0,
27/07/2020,,,,5.0,
27/07/2021,1.0,,,,
27/08/2015,0.0,33.0,,10.0,
27/08/2016,0.0,28.0,55.0,46.0,34.0
27/08/2017,0.0,16.0,,10.0,6.0
27/08/2018,1.0,,40.0,,
27/08/2019,0.0,10.0,,,
27/08/2020,,7.0,,,12.0
27/08/2021,0.0,,,,
27/09/2015,0.0,35.0,72.0,32.0,
27/09/2016,0.0,25.0,73.0,35.0,32.0
27/09/2017,0.0,14.0,,6.0,6.0
27/09/2018,1.0,17.0,60.0,9.0,10.0
27/09/2019,1.0,,,26.0,
27/09/2020,0.0,,,10.0,26.0
27/09/2021,0.0,,,,
27/10/2015,0.0,14.0,69.0,,0.0
27/10/2016,1.0,16.0,70.0,6.0,36.0
27/10/2017,0.0,,38.0,,6.0
27/10/2018,1.0,20.0,53.0,10.0,10.0
27/10/2019,,,,7.0,
27/10/2020,0.0,,,,34.0
27/11/2015,0.0,9.0,76.0,3.0,2.0
27/11/2016,0.0,8.0,56.0,4.0,36.0
27/11/2017,0.0,10.0,40.0,,10.0
27/11/2019,,15.0,,9.0,
27/11/2020,,10.0,,6.0,38.0
27/12/2015,0.0,14.0,,6.0,6.0
27/12/2016,,,45.0,,47.0
27/12/2017,0.0,9.0,52.0,,8.0
27/12/2018,1.0,18.0,,10.0,14.0
27/12/2019,,9.0,,6.0,
27/12/2020,,7.0,,7.0,43.0
28/01/2015,0.0,29.0,,,
28/01/2016,0.0,12.0,91.0,5.0,10.0
28/01/2017,0.0,15.0,66.0,5.0,
28/01/2018,0.0,,52.0,6.0,10.0
28/01/2019,0.0,10.0,38.0,4.0,16.0
28/01/2020,,,,7.0,
28/02/2015,0.0,30.0,,,
28/02/2016,1.0,18.0,59.0,9.0,12.0
28/02/2017,0.0,14.0,41.0,5.0,
28/02/2018,0.0,18.0,58.0,,12.0
28/03/2015,0.0,22.0,97.0,,76.0
28/03/2016,0.0,20.0,48.0,6.0,18.0
28/03/2017,0.0,,26.0,6.0,
28/03/2018,0.0,10.0,43.0,5.0,10.0
28/03/2019,1.0,,50.0,,16.0
28/03/2020,,8.0,,6.0,
28/04/2015,0.0,21.0,69.0,,72.0
28/04/2016,1.0,31.0,43.0,40.0,22.0
28/04/2018,0.0,10.0,45.0,5.0,10.0
28/04/2019,1.0,12.0,64.0,7.0,16.0
28/04/2020,,8.0,,5.0,
28/05/2015,1.0,34.0,36.0,,
28/05/2016,1.0,48.0,55.0,58.0,22.0
28/05/2017,0.0,,34.0,3.0,
28/05/2018,0.0,6.0,39.0,,18.0
28/05/2019,1.0,22.0,42.0,27.0,10.0
28/05/2020,1.0,27.0,,30.0,
28/06/2015,,18.0,57.0,2.0,
28/06/2016,1.0,63.0,26.0,60.0,24.0
28/06/2017,0.0,11.0,37.0,,0.0
28/06/2018,1.0,12.0,37.0,5.0,
28/06/2019,0.0,12.0,32.0,,
28/06/2020,0.0,,,12.0,
28/06/2021,0.0,,,,
28/07/2015,0.0,17.0,55.0,6.0,
28/07/2016,0.0,24.0,59.0,,30.0
28/07/2017,0.0,18.0,48.0,6.0,2.0
28/07/2018,1.0,14.0,50.0,8.0,
28/07/2019,0.0,13.0,66.0,7.0,
28/07/2020,,,,9.0,0.0
28/07/2021,1.0,,,,
28/08/2015,0.0,22.0,,7.0,
28/08/2016,1.0,30.0,54.0,50.0,34.0
28/08/2017,0.0,22.0,,10.0,6.0
28/08/2018,1.0,,34.0,,
28/08/2019,0.0,11.0,,6.0,
28/08/2020,,9.0,,,14.0
28/08/2021,0.0,,,,
28/09/2015,0.0,47.0,62.0,43.0,
28/09/2016,1.0,39.0,73.0,46.0,32.0
28/09/2017,0.0,22.0,,27.0,6.0
28/09/2018,1.0,22.0,63.0,11.0,10.0
28/09/2019,0.0,,,,
28/09/2020,1.0,,,35.0,28.0
28/09/2021,0.0,,,,
28/10/2015,0.0,26.0,48.0,,0.0
28/10/2016,0.0,8.0,61.0,3.0,40.0
28/10/2017,0.0,,50.0,,6.0
28/10/2018,1.0,17.0,50.0,9.0,14.0
28/10/2019,,,,11.0,
28/10/2020,1.0,,,,34.0
28/11/2015,0.0,14.0,97.0,6.0,4.0
28/11/2016,0.0,8.0,62.0,3.0,38.0
28/11/2017,0.0,10.0,66.0,,10.0
28/11/2019,,16.0,,10.0,
28/11/2020,,8.0,,6.0,40.0
28/12/2015,0.0,16.0,,6.0,6.0
28/12/2016,,,51.0,,49.0
28/12/2017,0.0,9.0,56.0,,8.0
28/12/2018,1.0,15.0,,8.0,14.0
28/12/2019,,10.0,,6.0,
28/12/2020,,10.0,,,43.0
29/01/2015,0.0,34.0,,,
29/01/2016,0.0,13.0,72.0,6.0,10.0
29/01/2017,0.0,10.0,58.0,4.0,
29/01/2018,0.0,,38.0,10.0,10.0
29/01/2019,0.0,13.0,47.0,6.0,18.0
29/01/2020,,,,10.0,
29/02/2016,1.0,33.0,46.0,26.0,18.0
29/03/2015,0.0,23.0,72.0,,78.0
29/03/2016,0.0,22.0,58.0,9.0,16.0
29/03/2017,0.0,,33.0,4.0,
29/03/2018,0.0,11.0,46.0,6.0,10.0
29/03/2019,1.0,,51.0,,16.0
29/03/2020,,10.0,,7.0,
29/04/2015,0.0,25.0,62.0,,72.0
29/04/2016,1.0,24.0,32.0,27.0,20.0
29/04/2018,0.0,,50.0,,10.0
29/04/2019,1.0,19.0,,12.0,18.0
29/04/2020,,10.0,,6.0,
29/05/2015,1.0,42.0,26.0,,
29/05/2016,1.0,50.0,64.0,57.0,22.0
29/05/2017,0.0,,42.0,6.0,
29/05/2018,0.0,6.0,42.0,,10.0
29/05/2019,1.0,34.0,76.0,30.0,10.0
29/05/2020,,12.0,,,
29/06/2015,,22.0,46.0,4.0,
29/06/2016,1.0,63.0,30.0,57.0,26.0
29/06/2017,0.0,18.0,42.0,,2.0
29/06/2018,1.0,10.0,32.0,5.0,
29/06/2019,,10.0,37.0,,
29/06/2020,,,,6.0,
29/06/2021,1.0,,,,
29/07/2015,0.0,18.0,53.0,6.0,
29/07/2016,0.0,22.0,62.0,29.0,28.0
29/07/2017,0.0,15.0,46.0,5.0,0.0
29/07/2018,1.0,15.0,66.0,9.0,
29/07/2019,0.0,14.0,60.0,8.0,
29/07/2020,0.0,18.0,,10.0,2.0
29/07/2021,0.0,,,,
29/08/2015,0.0,17.0,,6.0,
29/08/2016,1.0,30.0,58.0,49.0,32.0
29/08/2017,0.0,19.0,,10.0,6.0
29/08/2018,1.0,,34.0,,
29/08/2019,0.0,10.0,,5.0,
29/08/2020,,7.0,,,12.0
29/08/2021,0.0,,,,
29/09/2015,0.0,38.0,74.0,34.0,
29/09/2016,0.0,24.0,74.0,35.0,34.0
29/09/2017,0.0,18.0,,12.0,6.0
29/09/2018,1.0,20.0,58.0,29.0,8.0
29/09/2019,0.0,,,,
29/09/2020,1.0,,,40.0,30.0
29/09/2021,0.0,,,,
29/10/2015,0.0,15.0,61.0,,0.0
29/10/2016,0.0,9.0,51.0,4.0,36.0
29/10/2017,1.0,,60.0,,10.0
29/10/2018,1.0,10.0,40.0,6.0,10.0
29/10/2019,0.0,,,10.0,
29/10/2020,1.0,,,,34.0
29/11/2015,0.0,14.0,176.0,6.0,2.0
29/11/2016,0.0,10.0,62.0,3.0,38.0
29/11/2017,0.0,6.0,50.0,,6.0
29/11/2019,,9.0,,,
29/11/2020,,6.0,,5.0,40.0
29/12/2015,0.0,20.0,,10.0,6.0
29/12/2016,,,54.0,,43.0
29/12/2017,0.0,9.0,46.0,,8.0
29/12/2018,1.0,,,,14.0
29/12/2019,,8.0,,5.0,
29/12/2020,,11.0,,,43.0
30/01/2015,0.0,30.0,,,
30/01/2016,0.0,14.0,70.0,6.0,10.0
30/01/2018,0.0,,34.0,10.0,12.0
30/01/2019,1.0,14.0,51.0,7.0,18.0
30/01/2020,1.0,27.0,,10.0,
30/03/2015,1.0,37.0,72.0,,81.0
30/03/2016,0.0,24.0,48.0,11.0,16.0
30/03/2017,0.0,17.0,41.0,5.0,
30/03/2018,0.0,9.0,47.0,6.0,10.0
30/03/2019,1.0,,66.0,,16.0
30/03/2020,,12.0,,6.0,
30/04/2015,0.0,22.0,67.0,,66.0
30/04/2016,1.0,33.0,20.0,35.0,20.0
30/04/2018,0.0,11.0,52.0,6.0,10.0
30/04/2019,1.0,12.0,,8.0,16.0
30/04/2020,0.0,19.0,,10.0,
30/05/2015,1.0,43.0,44.0,,
30/05/2016,1.0,47.0,66.0,57.0,24.0
30/05/2017,0.0,,53.0,8.0,
30/05/2018,0.0,7.0,44.0,,10.0
30/05/2019,1.0,20.0,66.0,10.0,10.0
30/05/2020,,12.0,,,
30/06/2015,,26.0,46.0,5.0,
30/06/2016,0.0,26.0,26.0,27.0,26.0
30/06/2017,1.0,29.0,42.0,,4.0
30/06/2018,1.0,14.0,39.0,7.0,
30/06/2019,1.0,13.0,33.0,,
30/06/2020,,,,5.0,
30/06/2021,1.0,,,,
30/07/2015,0.0,18.0,57.0,6.0,
30/07/2016,0.0,18.0,58.0,12.0,28.0
30/07/2017,0.0,13.0,54.0,4.0,2.0
30/07/2018,1.0,22.0,45.0,11.0,
30/07/2019,0.0,14.0,56.0,7.0,
30/07/2020,,12.0,,8.0,0.0
30/07/2021,0.0,,,,
30/08/2015,0.0,17.0,,6.0,
30/08/2016,0.0,16.0,47.0,,36.0
30/08/2018,1.0,,30.0,,
30/08/2019,0.0,16.0,,10.0,
30/08/2020,,8.0,,,16.0
30/08/2021,0.0,,,,
30/09/2015,0.0,43.0,57.0,38.0,
30/09/2016,0.0,16.0,47.0,,34.0
30/09/2017,0.0,21.0,41.0,12.0,6.0
30/09/2018,1.0,18.0,53.0,,8.0
30/09/2019,0.0,,,,
30/09/2020,0.0,,,30.0,30.0
30/09/2021,0.0,,,,
30/10/2015,0.0,9.0,58.0,3.0,0.0
30/10/2016,0.0,14.0,55.0,6.0,36.0
30/10/2017,0.0,,39.0,,6.0
30/10/2018,1.0,12.0,59.0,6.0,10.0
30/10/2019,,19.0,,11.0,
30/10/2020,,,,,34.0
30/11/2015,0.0,19.0,149.0,7.0,4.0
30/11/2016,0.0,10.0,51.0,4.0,38.0
30/11/2017,0.0,,40.0,,6.0
30/11/2019,0.0,13.0,,6.0,
30/11/2020,,12.0,,8.0,40.0
30/12/2015,1.0,26.0,,12.0,6.0
30/12/2017,,9.0,40.0,,8.0
30/12/2018,1.0,,,,12.0
30/12/2019,,8.0,,5.0,
30/12/2020,,11.0,,9.0,43.0
31/01/2015,0.0,27.0,,,
31/01/2016,0.0,8.0,66.0,4.0,10.0
31/01/2018,0.0,,25.0,7.0,10.0
31/01/2019,1.0,16.0,66.0,8.0,18.0
31/01/2020,0.0,27.0,,11.0,
31/03/2015,1.0,34.0,45.0,,82.0
31/03/2016,0.0,22.0,46.0,9.0,18.0
31/03/2017,0.0,22.0,55.0,6.0,
31/03/2018,0.0,9.0,52.0,6.0,10.0
31/03/2019,1.0,,70.0,,16.0
31/03/2020,,10.0,,7.0,
31/05/2015,1.0,20.0,45.0,,
31/05/2016,1.0,56.0,60.0,61.0,30.0
31/05/2017,1.0,,46.0,29.0,
31/05/2018,0.0,6.0,42.0,,10.0
31/05/2019,1.0,23.0,78.0,32.0,10.0
31/05/2020,0.0,18.0,,,
31/07/2015,0.0,15.0,42.0,6.0,
31/07/2016,0.0,20.0,48.0,30.0,28.0
31/07/2017,0.0,14.0,49.0,3.0,2.0
31/07/2018,1.0,33.0,32.0,30.0,
31/07/2019,0.0,29.0,55.0,29.0,
31/07/2020,,6.0,,4.0,0.0
31/07/2021,0.0,,,,
31/08/2015,0.0,25.0,,9.0,
31/08/2016,0.0,17.0,41.0,11.0,32.0
31/08/2018,1.0,,50.0,,12.0
31/08/2019,0.0,14.0,,10.0,
31/08/2020,0.0,18.0,,,16.0
31/08/2021,0.0,,,,
31/10/2015,0.0,11.0,49.0,4.0,0.0
31/10/2016,0.0,13.0,56.0,7.0,36.0
31/10/2017,0.0,,41.0,,8.0
31/10/2018,1.0,16.0,,9.0,10.0
31/10/2019,0.0,22.0,,37.0,
31/10/2020,,,,,32.0
31/12/2015,1.0,27.0,,11.0,6.0
31/12/2017,0.0,9.0,42.0,,8.0
31/12/2018,1.0,,,,14.0
31/12/2019,,8.0,,5.0,
31/12/2020,,13.0,,10.0,43.0
