Date,temp_max,temp_min,temp_mean,humidity_max,humidity_min
2015-01-01,33.9,20.6,25.912499999999998,89.0,32.0
2015-01-02,32.9,21.0,26.05,87.0,38.0
2015-01-03,33.5,20.2,26.683333333333334,83.0,38.0
2015-01-04,30.6,22.2,25.641666666666666,81.0,43.0
2015-01-05,30.8,20.8,25.520833333333332,79.0,36.0
2015-01-06,29.5,20.5,25.016666666666666,79.0,41.0
2015-01-07,28.0,19.9,23.925,78.0,44.0
2015-01-08,30.4,19.7,24.229166666666668,74.0,30.0
2015-01-09,30.5,19.6,24.579166666666666,68.0,28.0
2015-01-10,32.6,20.6,25.8875,73.0,33.0
2015-01-11,32.6,20.1,26.474999999999998,66.0,22.0
2015-01-12,33.3,19.7,26.795833333333334,64.0,23.0
2015-01-13,33.9,21.4,27.358333333333334,67.0,27.0
2015-01-14,32.5,21.8,26.604166666666668,61.0,32.0
2015-01-15,30.1,20.1,25.0625,67.0,33.0
2015-01-16,32.4,20.9,25.90416666666667,65.0,29.0
2015-01-17,32.1,20.4,25.983333333333334,62.0,27.0
2015-01-18,32.9,18.5,26.641666666666666,72.0,23.0
2015-01-19,32.6,21.2,26.912499999999998,61.0,29.0
2015-01-20,32.7,19.9,26.333333333333332,64.0,25.0
2015-01-21,35.1,20.9,26.650000000000002,71.0,25.0
2015-01-22,33.2,20.0,26.73478260869565,74.0,28.0
2015-01-23,31.0,21.2,25.175,75.0,34.0
2015-01-24,28.6,17.9,21.395833333333332,91.0,47.0
2015-01-25,29.4,17.2,21.158333333333335,93.0,43.0
2015-01-26,30.8,18.3,22.6125,93.0,38.0
2015-01-27,28.8,16.9,21.787499999999998,94.0,48.0
2015-01-28,30.0,17.4,21.941666666666666,94.0,48.0
2015-01-29,31.6,18.4,24.541666666666668,92.0,37.0
2015-01-30,32.6,21.3,26.2375,84.0,37.0
2015-01-31,32.3,20.7,26.195833333333336,82.0,39.0
2015-02-01,31.2,21.3,25.820833333333336,78.0,36.0
2015-02-02,31.4,21.7,26.020833333333332,69.0,34.0
2015-02-03,30.7,20.6,24.787499999999998,76.0,37.0
2015-02-04,29.1,17.6,22.808333333333334,92.0,48.0
2015-02-05,26.5,18.7,20.791666666666668,93.0,60.0
2015-02-06,21.9,18.6,19.712500000000002,94.0,83.0
2015-02-07,25.9,17.5,19.7375,94.0,62.0
2015-02-08,21.3,18.9,19.787499999999998,94.0,90.0
2015-02-09,25.0,19.0,20.925,94.0,70.0
2015-02-10,30.9,19.5,23.837500000000002,92.0,43.0
2015-02-11,29.6,20.4,24.3875,80.0,46.0
2015-02-12,31.8,20.3,25.504166666666666,81.0,27.0
2015-02-13,32.0,20.6,26.145833333333332,79.0,28.0
2015-02-14,32.5,21.1,26.508333333333336,76.0,31.0
2015-02-15,31.4,21.3,25.27916666666667,81.0,33.0
2015-02-16,30.7,17.0,23.941666666666666,93.0,41.0
2015-02-17,29.5,18.6,22.870833333333334,93.0,48.0
2015-02-18,26.8,18.2,22.400000000000002,92.0,58.0
2015-02-19,28.0,18.4,21.441666666666666,93.0,55.0
2015-02-20,29.2,19.1,23.22083333333333,92.0,40.0
2015-02-21,28.7,18.9,23.837500000000002,82.0,40.0
2015-02-22,28.9,18.4,23.8,84.0,35.0
2015-02-23,29.8,19.9,24.645833333333332,82.0,37.0
2015-02-24,28.8,20.0,23.791666666666668,80.0,43.0
2015-02-25,29.9,20.1,23.8875,90.0,43.0
2015-02-26,31.2,19.5,24.304166666666664,92.0,38.0
2015-02-27,27.8,19.0,22.795833333333334,90.0,56.0
2015-02-28,30.2,17.9,22.337500000000002,93.0,39.0
2015-03-01,26.5,20.6,22.995833333333334,85.0,54.0
2015-03-02,28.0,19.1,22.925,85.0,46.0
2015-03-03,29.5,18.8,23.545833333333334,86.0,44.0
2015-03-04,29.9,20.7,23.958333333333332,80.0,45.0
2015-03-05,29.8,18.6,22.491666666666664,92.0,41.0
2015-03-06,30.5,18.9,23.3,91.0,35.0
2015-03-07,30.6,20.1,24.170833333333334,92.0,42.0
2015-03-08,28.7,20.4,23.820833333333336,85.0,51.0
2015-03-09,27.9,19.8,22.995833333333334,90.0,59.0
2015-03-10,25.6,18.6,21.400000000000002,94.0,64.0
2015-03-11,29.6,18.2,22.974999999999998,93.0,52.0
2015-03-12,27.8,18.6,22.2,94.0,60.0
2015-03-13,30.1,19.0,23.683333333333334,93.0,47.0
2015-03-14,30.6,18.6,23.895833333333332,91.0,34.0
2015-03-15,27.7,18.7,23.47083333333333,90.0,52.0
2015-03-16,30.6,19.6,24.65416666666667,84.0,34.0
2015-03-17,30.0,19.4,24.4375,83.0,40.0
2015-03-18,28.8,19.8,24.05,86.0,35.0
2015-03-19,28.4,18.8,23.183333333333334,74.0,35.0
2015-03-20,28.5,19.2,23.84166666666667,78.0,41.0
2015-03-21,25.7,18.4,21.054166666666667,93.0,58.0
2015-03-22,26.9,17.9,21.191666666666666,93.0,60.0
2015-03-23,27.0,19.2,21.583333333333332,93.0,65.0
2015-03-24,29.6,19.1,22.691666666666666,93.0,50.0
2015-03-25,28.5,19.6,23.45,88.0,49.0
2015-03-26,29.1,18.1,23.474999999999998,90.0,37.0
2015-03-27,30.2,18.8,24.2625,87.0,41.0
2015-03-28,30.9,19.4,25.354166666666668,86.0,41.0
2015-03-29,30.5,21.1,25.0625,72.0,43.0
2015-03-30,30.7,20.3,23.945833333333336,91.0,47.0
2015-03-31,28.5,19.5,23.599999999999998,92.0,53.0
2015-04-01,30.4,19.7,23.72083333333333,92.0,45.0
2015-04-02,25.8,19.6,22.458333333333332,90.0,62.0
2015-04-03,26.6,18.3,21.412499999999998,86.0,56.0
2015-04-04,27.1,19.1,22.170833333333334,84.0,50.0
2015-04-05,28.4,19.3,22.34166666666667,89.0,53.0
2015-04-06,28.2,19.2,22.650000000000002,93.0,51.0
2015-04-07,27.7,18.7,21.8125,94.0,46.0
2015-04-08,22.2,17.4,18.841666666666665,88.0,61.0
2015-04-09,24.9,17.1,19.770833333333332,85.0,56.0
2015-04-10,26.6,16.0,20.954166666666666,89.0,46.0
2015-04-11,27.0,17.1,21.116666666666667,85.0,45.0
2015-04-12,27.6,18.1,21.708333333333332,79.0,40.0
2015-04-13,27.7,17.0,22.108333333333334,85.0,36.0
2015-04-14,26.8,18.5,21.829166666666666,72.0,42.0
2015-04-15,28.3,18.4,22.308333333333334,75.0,33.0
2015-04-16,26.0,19.5,22.229166666666668,72.0,47.0
2015-04-17,29.1,18.7,23.3875,85.0,45.0
2015-04-18,29.3,20.1,23.916666666666668,82.0,45.0
2015-04-19,30.7,18.8,24.22083333333333,88.0,41.0
2015-04-20,28.9,21.1,24.441666666666666,82.0,48.0
2015-04-21,30.0,20.1,24.650000000000002,91.0,52.0
2015-04-22,28.5,18.8,22.604166666666668,94.0,56.0
2015-04-23,27.6,18.4,22.34583333333333,93.0,55.0
2015-04-24,28.4,20.2,23.004166666666666,86.0,50.0
2015-04-25,28.2,19.3,22.849999999999998,93.0,53.0
2015-04-26,27.6,14.7,21.291666666666668,89.0,34.0
2015-04-27,27.2,14.4,20.183333333333334,88.0,35.0
2015-04-28,27.1,16.6,21.354166666666668,87.0,37.0
2015-04-29,26.6,19.0,21.395833333333332,85.0,47.0
2015-04-30,26.7,16.0,20.191666666666666,91.0,46.0
2015-05-01,25.1,16.0,19.758333333333333,92.0,53.0
2015-05-02,25.2,17.7,20.483333333333334,84.0,54.0
2015-05-03,27.2,16.9,20.654166666666665,82.0,40.0
2015-05-04,26.9,17.5,21.333333333333332,81.0,48.0
2015-05-05,23.7,19.2,21.120833333333334,92.0,70.0
2015-05-06,24.9,18.1,20.391666666666666,93.0,66.0
2015-05-07,26.9,18.1,21.25,93.0,52.0
2015-05-08,24.7,16.0,19.650000000000002,76.0,44.0
2015-05-09,25.3,16.0,19.529166666666665,85.0,46.0
2015-05-10,26.1,15.7,19.770833333333332,87.0,43.0
2015-05-11,22.9,16.7,19.1375,92.0,68.0
2015-05-12,24.9,17.1,20.091666666666665,90.0,48.0
2015-05-13,24.1,13.7,19.029166666666665,89.0,50.0
2015-05-14,22.4,17.2,18.983333333333334,76.0,59.0
2015-05-15,22.0,13.5,17.716666666666665,89.0,54.0
2015-05-16,23.1,15.6,18.400000000000002,77.0,51.0
2015-05-17,24.7,16.3,19.3875,83.0,47.0
2015-05-18,21.4,17.8,18.966666666666665,81.0,67.0
2015-05-19,23.6,16.9,19.295833333333334,81.0,51.0
2015-05-20,22.2,16.7,18.795833333333334,85.0,58.0
2015-05-21,23.5,16.8,19.162499999999998,82.0,56.0
2015-05-22,23.9,15.2,18.991666666666667,86.0,48.0
2015-05-23,23.7,15.3,18.3875,84.0,49.0
2015-05-24,25.6,13.9,19.233333333333334,88.0,44.0
2015-05-25,28.7,14.2,20.725,93.0,37.0
2015-05-26,28.2,14.5,21.270833333333332,92.0,33.0
2015-05-27,26.8,17.2,21.204166666666666,79.0,37.0
2015-05-28,28.3,17.0,21.833333333333332,90.0,42.0
2015-05-29,23.8,14.4,18.908333333333335,92.0,56.0
2015-05-30,27.0,14.5,20.070833333333333,93.0,37.0
2015-05-31,27.4,17.8,21.604166666666668,86.0,42.0
2015-06-01,28.3,16.5,21.599999999999998,90.0,35.0
2015-06-02,23.6,16.4,19.983333333333334,90.0,61.0
2015-06-03,21.2,16.5,18.154166666666665,92.0,66.0
2015-06-04,24.4,12.9,18.2625,91.0,47.0
2015-06-05,24.6,14.2,18.837500000000002,90.0,48.0
2015-06-06,24.8,17.8,20.233333333333334,84.0,46.0
2015-06-07,25.9,16.1,20.041666666666668,83.0,41.0
2015-06-08,25.7,13.4,19.224999999999998,92.0,23.0
2015-06-09,26.0,11.7,18.825,90.0,29.0
2015-06-10,27.5,14.1,20.304166666666667,90.0,38.0
2015-06-11,27.8,13.8,20.520833333333332,92.0,30.0
2015-06-12,28.2,13.8,20.454166666666666,87.0,31.0
2015-06-13,27.3,14.5,20.383333333333333,88.0,31.0
2015-06-14,27.6,13.7,20.404166666666665,90.0,33.0
2015-06-15,28.4,15.5,21.379166666666666,84.0,37.0
2015-06-16,23.9,17.8,20.554166666666667,88.0,50.0
2015-06-17,25.1,17.6,20.454166666666666,87.0,56.0
2015-06-18,27.1,16.6,20.779166666666665,85.0,42.0
2015-06-19,27.1,14.5,20.020833333333332,93.0,44.0
2015-06-20,21.6,16.6,18.308333333333334,75.0,56.0
2015-06-21,22.2,14.7,17.404166666666665,85.0,55.0
2015-06-22,25.0,15.1,18.929166666666667,92.0,44.0
2015-06-23,25.5,14.2,19.308333333333334,86.0,36.0
2015-06-24,25.3,12.7,18.912499999999998,92.0,42.0
2015-06-25,20.1,15.0,17.45,77.0,57.0
2015-06-26,20.5,13.5,16.320833333333333,77.0,51.0
2015-06-27,21.4,10.1,15.262500000000001,91.0,51.0
2015-06-28,22.9,11.6,16.616666666666667,90.0,34.0
2015-06-29,22.2,13.1,17.125,83.0,48.0
2015-06-30,26.3,15.8,19.412499999999998,81.0,41.0
2015-07-01,26.4,15.2,19.662499999999998,87.0,41.0
2015-07-02,24.1,16.4,19.420833333333334,82.0,52.0
2015-07-03,24.6,15.7,19.016666666666666,83.0,41.0
2015-07-04,27.9,15.0,20.654166666666665,84.0,32.0
2015-07-05,26.1,15.7,20.520833333333332,85.0,51.0
2015-07-06,24.3,15.7,18.429166666666667,83.0,50.0
2015-07-07,21.5,16.3,18.241666666666667,80.0,58.0
2015-07-08,24.6,16.0,19.170833333333334,82.0,46.0
2015-07-09,23.9,15.2,19.166666666666668,88.0,48.0
2015-07-10,28.5,13.7,20.470833333333335,92.0,30.0
2015-07-11,27.6,17.5,21.445833333333336,78.0,37.0
2015-07-12,27.7,15.0,20.945833333333333,86.0,30.0
2015-07-13,28.9,14.0,20.429166666666667,88.0,26.0
2015-07-14,28.4,16.8,21.0125,80.0,32.0
2015-07-15,25.9,16.0,19.87727272727273,85.0,41.0
2015-07-16,25.5,14.9,19.570833333333333,83.0,36.0
2015-07-17,23.3,15.0,18.650000000000002,86.0,40.0
2015-07-18,24.5,14.9,18.658333333333335,78.0,36.0
2015-07-19,25.3,12.3,18.533333333333335,84.0,42.0
2015-07-20,24.8,15.3,19.329166666666666,81.0,39.0
2015-07-21,26.6,13.5,19.591666666666665,86.0,30.0
2015-07-22,25.9,17.0,20.7375,70.0,39.0
2015-07-23,24.4,16.0,19.079166666666666,82.0,40.0
2015-07-24,25.7,12.6,19.208333333333332,90.0,32.0
2015-07-25,28.1,14.5,20.075,84.0,32.0
2015-07-26,28.5,15.8,20.779166666666665,84.0,33.0
2015-07-27,25.8,15.8,19.925,93.0,47.0
2015-07-28,27.7,17.1,21.391666666666666,79.0,36.0
2015-07-29,27.0,17.5,21.504166666666666,79.0,33.0
2015-07-30,26.2,15.4,20.658333333333335,77.0,34.0
2015-07-31,25.3,15.3,19.804166666666667,74.0,38.0
2015-08-01,25.9,14.4,20.554166666666667,83.0,32.0
2015-08-02,25.1,14.3,19.3875,70.0,34.0
2015-08-03,27.3,12.8,20.120833333333334,80.0,27.0
2015-08-04,27.5,13.3,20.258333333333333,84.0,30.0
2015-08-05,26.8,12.9,20.616666666666667,81.0,25.0
2015-08-06,27.4,14.4,20.558333333333334,70.0,23.0
2015-08-07,27.4,15.1,21.004166666666666,71.0,27.0
2015-08-08,26.3,16.4,20.670833333333334,67.0,33.0
2015-08-09,22.8,15.9,18.712500000000002,79.0,54.0
2015-08-10,25.2,16.8,19.591666666666665,79.0,38.0
2015-08-11,23.7,13.9,18.466666666666665,81.0,36.0
2015-08-12,24.2,14.5,18.383333333333333,74.0,30.0
2015-08-13,24.0,12.3,18.204166666666666,77.0,37.0
2015-08-14,24.6,13.5,18.7,79.0,37.0
2015-08-15,26.5,14.8,19.658333333333335,81.0,31.0
2015-08-16,25.9,16.7,20.212500000000002,71.0,33.0
2015-08-17,25.9,16.0,20.099999999999998,79.0,32.0
2015-08-18,27.2,16.3,20.816666666666666,73.0,33.0
2015-08-19,28.7,16.0,21.029166666666665,84.0,31.0
2015-08-20,30.9,16.8,23.145833333333332,78.0,23.0
2015-08-21,26.9,14.6,21.079166666666666,74.0,40.0
2015-08-22,26.3,17.3,21.004166666666666,75.0,45.0
2015-08-23,29.7,16.5,21.95,78.0,25.0
2015-08-24,29.8,14.6,22.183333333333334,88.0,26.0
2015-08-25,25.8,17.6,21.516666666666666,71.0,41.0
2015-08-26,30.7,17.6,23.27916666666667,75.0,27.0
2015-08-27,32.2,19.3,24.204166666666666,66.0,24.0
2015-08-28,28.3,18.8,22.09583333333333,78.0,43.0
2015-08-29,28.0,17.5,21.6875,73.0,40.0
2015-08-30,29.5,17.0,21.974999999999998,80.0,23.0
2015-08-31,31.5,17.1,23.4375,75.0,14.0
2015-09-01,33.4,16.4,25.004166666666666,74.0,16.0
2015-09-02,30.6,18.9,24.337500000000002,63.0,28.0
2015-09-03,32.4,17.5,24.016666666666666,77.0,20.0
2015-09-04,33.3,19.3,25.883333333333336,69.0,18.0
2015-09-05,31.4,17.1,23.854166666666668,90.0,29.0
2015-09-06,29.8,18.3,22.325,86.0,36.0
2015-09-07,31.7,19.2,23.891666666666666,86.0,29.0
2015-09-08,23.1,18.4,20.479166666666668,92.0,59.0
2015-09-09,21.8,16.4,18.462500000000002,90.0,67.0
2015-09-10,27.8,16.2,20.3125,92.0,38.0
2015-09-11,26.7,19.0,21.795833333333334,85.0,47.0
2015-09-12,27.3,17.6,21.554166666666664,84.0,43.0
2015-09-13,26.1,16.9,21.275000000000002,94.0,59.0
2015-09-14,25.8,17.5,20.375,83.0,57.0
2015-09-15,29.3,18.4,22.7375,83.0,43.0
2015-09-16,29.7,18.8,23.34583333333333,79.0,34.0
2015-09-17,32.3,18.9,24.391666666666666,70.0,14.0
2015-09-18,33.2,18.0,25.270833333333332,65.0,17.0
2015-09-19,33.8,19.1,25.77916666666667,58.0,10.0
2015-09-20,31.1,18.0,24.587500000000002,54.0,21.0
2015-09-21,31.0,19.1,24.4875,50.0,21.0
2015-09-22,32.9,20.3,25.7,57.0,18.0
2015-09-23,34.2,20.7,27.075,58.0,20.0
2015-09-24,35.8,22.3,28.337500000000002,52.0,16.0
2015-09-25,36.9,22.6,29.229166666666668,56.0,17.0
2015-09-26,34.6,24.1,28.924999999999997,51.0,25.0
2015-09-27,33.1,21.1,26.566666666666666,72.0,30.0
2015-09-28,32.7,21.6,26.612499999999997,52.0,23.0
2015-09-29,28.7,23.0,25.925,50.0,31.0
2015-09-30,31.6,18.8,24.775000000000002,70.0,27.0
2015-10-01,33.3,21.9,26.575,55.0,22.0
2015-10-02,33.1,20.6,26.516666666666666,80.0,28.0
2015-10-03,33.9,19.9,26.166666666666668,86.0,22.0
2015-10-04,35.0,23.3,27.820833333333336,59.0,18.0
2015-10-05,32.1,21.5,25.941666666666666,73.0,33.0
2015-10-06,28.2,19.5,22.84166666666667,79.0,44.0
2015-10-07,31.0,18.5,23.4875,76.0,32.0
2015-10-08,31.4,17.7,23.504166666666666,75.0,17.0
2015-10-09,32.4,18.8,24.558333333333334,55.0,17.0
2015-10-10,34.7,19.7,26.224999999999998,56.0,17.0
2015-10-11,33.2,21.8,26.920833333333334,42.0,19.0
2015-10-12,33.2,20.3,26.179166666666664,66.0,18.0
2015-10-13,33.0,20.5,25.925,49.0,22.0
2015-10-14,34.0,20.9,26.962500000000002,47.0,13.0
2015-10-15,36.3,22.0,28.129166666666666,52.0,14.0
2015-10-16,37.4,22.5,29.395833333333332,55.0,12.0
2015-10-17,37.2,22.0,29.645833333333332,47.0,13.0
2015-10-18,31.2,22.8,26.46666666666667,63.0,20.0
2015-10-19,30.6,20.3,24.6375,75.0,39.0
2015-10-20,35.3,20.0,26.150000000000002,73.0,24.0
2015-10-21,36.3,21.0,27.704166666666666,72.0,21.0
2015-10-22,37.7,22.1,28.94583333333333,81.0,21.0
2015-10-23,32.6,18.4,23.875,93.0,32.0
2015-10-24,31.2,21.6,25.525000000000002,72.0,36.0
2015-10-25,31.6,20.7,25.55,76.0,29.0
2015-10-26,32.1,20.6,25.183333333333334,75.0,32.0
2015-10-27,30.4,19.4,23.916666666666668,92.0,43.0
2015-10-28,25.1,19.0,21.316666666666666,93.0,63.0
2015-10-29,28.8,20.1,23.420833333333334,92.0,42.0
2015-10-30,30.3,17.2,23.633333333333336,80.0,31.0
2015-10-31,32.2,19.9,25.0125,79.0,26.0
2015-11-01,31.6,21.2,25.583333333333332,75.0,33.0
2015-11-02,32.1,22.4,26.46666666666667,65.0,32.0
2015-11-03,34.2,20.7,26.65833333333333,87.0,29.0
2015-11-04,34.0,23.0,27.820833333333336,77.0,24.0
2015-11-05,35.1,22.3,28.808333333333334,64.0,20.0
2015-11-06,35.9,22.4,29.116666666666664,68.0,22.0
2015-11-07,34.7,23.1,28.2375,74.0,25.0
2015-11-08,29.9,18.3,23.974999999999998,89.0,44.0
2015-11-09,29.1,22.3,25.5125,69.0,40.0
2015-11-10,32.7,22.6,27.179166666666664,61.0,32.0
2015-11-11,33.1,22.3,27.008333333333336,62.0,29.0
2015-11-12,34.4,19.3,26.183333333333334,91.0,27.0
2015-11-13,34.6,21.3,26.575,85.0,29.0
2015-11-14,32.0,18.9,24.03333333333333,92.0,36.0
2015-11-15,27.2,22.1,25.03333333333333,83.0,55.0
2015-11-16,27.7,20.2,23.320833333333336,92.0,53.0
2015-11-17,26.3,20.2,22.691666666666666,92.0,62.0
2015-11-18,28.1,19.2,22.729166666666668,93.0,54.0
2015-11-19,32.6,19.9,24.8625,91.0,39.0
2015-11-20,26.4,19.4,21.462500000000002,93.0,69.0
2015-11-21,29.5,19.0,23.224999999999998,93.0,45.0
2015-11-22,30.0,20.3,24.483333333333334,87.0,47.0
2015-11-23,28.1,20.4,23.633333333333336,87.0,59.0
2015-11-24,25.5,16.7,20.908333333333335,93.0,63.0
2015-11-25,28.7,18.5,22.954166666666666,88.0,48.0
2015-11-26,29.8,18.4,24.474999999999998,90.0,39.0
2015-11-27,27.9,20.2,23.6875,77.0,52.0
2015-11-28,30.8,19.0,24.1375,84.0,44.0
2015-11-29,30.6,20.2,24.616666666666664,90.0,46.0
2015-11-30,32.5,20.0,25.166666666666668,91.0,35.0
2015-12-01,30.6,20.2,24.675,92.0,45.0
2015-12-02,30.9,21.2,24.375,92.0,46.0
2015-12-03,30.9,20.4,24.325,93.0,45.0
2015-12-04,31.4,18.8,25.020833333333332,90.0,40.0
2015-12-05,30.5,19.0,23.337500000000002,93.0,48.0
2015-12-06,28.7,19.8,23.71666666666667,88.0,53.0
2015-12-07,30.4,19.3,24.1375,93.0,43.0
2015-12-08,29.7,18.1,23.1125,94.0,49.0
2015-12-09,26.1,19.8,22.47083333333333,92.0,62.0
2015-12-10,30.7,19.3,24.016666666666666,91.0,48.0
2015-12-11,30.3,19.2,23.8,92.0,46.0
2015-12-12,31.0,20.3,24.75,87.0,40.0
2015-12-13,29.6,22.7,25.337500000000002,72.0,50.0
2015-12-14,30.4,18.8,23.920833333333334,92.0,39.0
2015-12-15,31.4,21.6,25.5,70.0,37.0
2015-12-16,31.6,20.2,26.2,85.0,30.0
2015-12-17,31.5,19.3,25.058333333333334,89.0,35.0
2015-12-18,30.6,18.7,22.791666666666668,91.0,43.0
2015-12-19,31.1,17.7,23.491666666666664,93.0,36.0
2015-12-20,30.4,19.3,24.150000000000002,86.0,37.0
2015-12-21,29.1,21.1,24.712500000000002,75.0,44.0
2015-12-22,30.5,20.6,25.025000000000002,74.0,41.0
2015-12-23,30.0,20.4,25.045833333333334,77.0,38.0
2015-12-24,30.8,20.6,25.108333333333334,75.0,32.0
2015-12-25,30.7,20.1,24.566666666666666,88.0,38.0
2015-12-26,30.1,18.7,22.425,92.0,39.0
2015-12-27,26.8,18.2,21.754166666666666,90.0,50.0
2015-12-28,27.9,19.6,23.179166666666664,88.0,48.0
2015-12-29,27.3,19.0,23.441666666666666,83.0,50.0
2015-12-30,28.0,17.5,22.349999999999998,92.0,57.0
2015-12-31,31.1,17.4,23.504166666666666,92.0,40.0
2016-01-01,32.1,20.1,26.041666666666668,91.0,40.0
2016-01-02,31.9,19.3,24.162499999999998,90.0,42.0
2016-01-03,27.7,19.8,22.625,91.0,58.0
2016-01-04,26.0,19.5,21.175,93.0,63.0
2016-01-05,27.5,17.9,22.09583333333333,92.0,50.0
2016-01-06,30.0,18.5,23.670833333333334,79.0,37.0
2016-01-07,30.7,21.0,25.008333333333336,72.0,40.0
2016-01-08,29.9,20.1,25.108333333333334,83.0,48.0
2016-01-09,29.3,21.7,24.766666666666666,79.0,49.0
2016-01-10,31.0,21.4,25.554166666666664,82.0,42.0
2016-01-11,31.8,20.9,25.97083333333333,70.0,38.0
2016-01-12,27.1,20.2,22.983333333333334,92.0,55.0
2016-01-13,24.3,19.9,21.5125,93.0,77.0
2016-01-14,28.7,21.1,23.395833333333332,91.0,57.0
2016-01-15,24.2,20.8,21.683333333333334,93.0,74.0
2016-01-16,22.0,20.3,21.04583333333333,93.0,91.0
2016-01-17,23.2,19.0,20.650000000000002,94.0,80.0
2016-01-18,27.2,19.1,21.40833333333333,93.0,69.0
2016-01-19,25.2,20.4,21.625,93.0,76.0
2016-01-20,25.8,19.7,21.829166666666666,93.0,65.0
2016-01-21,27.4,18.8,22.229166666666668,85.0,57.0
2016-01-22,26.6,18.1,21.6875,84.0,54.0
2016-01-23,30.3,18.5,22.791666666666668,88.0,43.0
2016-01-24,31.0,20.2,22.912499999999998,89.0,39.0
2016-01-25,29.5,19.1,23.1125,92.0,48.0
2016-01-26,30.5,18.3,23.675,93.0,44.0
2016-01-27,30.4,20.8,24.6125,89.0,50.0
2016-01-28,28.9,21.3,23.474999999999998,92.0,58.0
2016-01-29,27.7,19.6,22.545833333333334,93.0,49.0
2016-01-30,30.4,20.0,24.395833333333332,83.0,34.0
2016-01-31,30.6,19.7,24.704166666666666,72.0,26.0
2016-02-01,31.9,20.7,25.291666666666668,72.0,34.0
2016-02-02,32.6,20.6,26.099999999999998,83.0,32.0
2016-02-03,31.8,20.4,25.770833333333332,76.0,34.0
2016-02-04,30.8,21.6,25.329166666666666,82.0,37.0
2016-02-05,31.0,20.8,25.150000000000002,74.0,35.0
2016-02-06,32.0,20.0,25.766666666666666,82.0,31.0
2016-02-07,30.9,21.6,25.925,69.0,37.0
2016-02-08,30.3,21.9,25.125,67.0,39.0
2016-02-09,31.7,20.0,24.9875,66.0,30.0
2016-02-10,33.0,20.9,26.804166666666664,73.0,30.0
2016-02-11,32.9,21.0,27.233333333333334,77.0,31.0
2016-02-12,31.0,18.5,23.724999999999998,94.0,43.0
2016-02-13,28.9,20.3,23.354166666666668,93.0,55.0
2016-02-14,31.4,20.2,25.037499999999998,90.0,43.0
2016-02-15,31.4,21.7,25.224999999999998,83.0,43.0
2016-02-16,31.9,19.7,25.070833333333336,86.0,39.0
2016-02-17,32.1,21.4,26.7,83.0,35.0
2016-02-18,28.9,19.7,24.691666666666666,92.0,47.0
2016-02-19,30.3,21.1,24.758333333333336,88.0,41.0
2016-02-20,31.7,21.5,25.95,79.0,30.0
2016-02-21,30.4,22.3,25.954166666666666,66.0,42.0
2016-02-22,29.5,21.4,25.02916666666667,74.0,49.0
2016-02-23,29.6,22.8,26.00909090909091,68.0,35.0
2016-02-24,29.9,22.4,26.72307692307692,72.0,42.0
2016-02-25,32.1,19.0,24.508333333333336,93.0,36.0
2016-02-26,29.6,18.3,22.412499999999998,94.0,49.0
2016-02-27,31.8,19.2,22.954166666666666,93.0,40.0
2016-02-28,31.0,18.6,23.141666666666666,94.0,46.0
2016-02-29,30.2,19.7,23.47083333333333,94.0,46.0
2016-03-01,29.4,19.1,23.808333333333334,89.0,51.0
2016-03-02,29.4,20.7,24.208333333333332,83.0,46.0
2016-03-03,28.0,20.5,23.537499999999998,79.0,51.0
2016-03-04,27.9,19.8,22.604166666666668,92.0,57.0
2016-03-05,27.1,18.2,21.670833333333334,93.0,57.0
2016-03-06,31.1,20.0,24.175,92.0,43.0
2016-03-07,29.1,21.6,24.099999999999998,83.0,52.0
2016-03-08,29.5,20.4,24.295833333333334,85.0,33.0
2016-03-09,28.5,19.7,23.795833333333334,83.0,42.0
2016-03-10,30.8,20.4,24.829166666666666,76.0,40.0
2016-03-11,28.3,21.5,23.90416666666667,89.0,53.0
2016-03-12,25.2,20.5,22.258333333333336,91.0,72.0
2016-03-13,28.3,18.6,22.3125,93.0,54.0
2016-03-14,27.5,20.3,23.004166666666666,87.0,57.0
2016-03-15,28.1,20.0,23.666666666666668,87.0,43.0
2016-03-16,28.0,19.5,23.433333333333334,89.0,46.0
2016-03-17,28.6,20.1,23.379166666666666,79.0,44.0
2016-03-18,28.9,19.0,23.054166666666664,89.0,46.0
2016-03-19,30.4,18.0,24.075,92.0,40.0
2016-03-20,29.7,16.9,23.891666666666666,91.0,39.0
2016-03-21,29.9,18.0,23.816666666666666,88.0,34.0
2016-03-22,31.2,19.5,24.991666666666664,82.0,33.0
2016-03-23,31.7,20.4,24.275000000000002,90.0,39.0
2016-03-24,27.9,18.7,22.474999999999998,93.0,45.0
2016-03-25,29.5,21.2,24.333333333333332,85.0,50.0
2016-03-26,27.7,20.4,23.295833333333334,92.0,58.0
2016-03-27,30.1,19.1,23.545833333333334,93.0,47.0
2016-03-28,28.9,21.2,24.479166666666668,78.0,40.0
2016-03-29,29.4,19.7,24.483333333333334,78.0,43.0
2016-03-30,28.3,19.3,24.337500000000002,90.0,48.0
2016-03-31,29.0,19.8,24.2,86.0,50.0
2016-04-01,30.6,19.2,24.391666666666666,90.0,39.0
2016-04-02,30.0,19.6,23.641666666666666,89.0,40.0
2016-04-03,30.9,19.7,24.495833333333334,88.0,39.0
2016-04-04,30.5,19.3,24.829166666666666,90.0,41.0
2016-04-05,29.0,17.9,24.15416666666667,88.0,38.0
2016-04-06,28.8,17.6,23.758333333333336,85.0,42.0
2016-04-07,30.0,18.3,24.09166666666667,89.0,36.0
2016-04-08,31.0,18.5,24.770833333333332,88.0,33.0
2016-04-09,30.8,18.2,24.608333333333334,87.0,28.0
2016-04-10,30.7,17.8,24.795833333333334,84.0,31.0
2016-04-11,29.7,19.0,24.566666666666666,79.0,35.0
2016-04-12,29.9,17.4,24.008333333333336,81.0,32.0
2016-04-13,29.1,21.1,24.179166666666664,75.0,37.0
2016-04-14,29.7,20.7,24.2,76.0,34.0
2016-04-15,30.4,17.8,24.3,83.0,33.0
2016-04-16,29.0,19.6,23.84166666666667,72.0,30.0
2016-04-17,29.1,19.8,23.84166666666667,71.0,41.0
2016-04-18,29.2,19.1,23.325,85.0,43.0
2016-04-19,28.5,20.1,23.508333333333336,77.0,40.0
2016-04-20,28.7,19.4,23.320833333333336,75.0,44.0
2016-04-21,30.3,20.4,24.208333333333332,73.0,37.0
2016-04-22,31.0,20.8,24.420833333333334,81.0,33.0
2016-04-23,29.0,20.5,23.77916666666667,73.0,34.0
2016-04-24,28.5,16.0,22.491666666666664,75.0,35.0
2016-04-25,30.3,19.0,23.5625,73.0,31.0
2016-04-26,30.4,18.7,23.974999999999998,79.0,34.0
2016-04-27,26.9,20.5,23.150000000000002,89.0,50.0
2016-04-28,27.3,18.7,21.683333333333334,92.0,52.0
2016-04-29,20.1,16.9,18.6875,92.0,81.0
2016-04-30,23.4,15.7,18.479166666666668,94.0,69.0
2016-05-01,27.2,16.6,20.787499999999998,92.0,33.0
2016-05-02,25.5,13.5,19.129166666666666,81.0,48.0
2016-05-03,26.8,15.9,20.241666666666667,83.0,40.0
2016-05-04,27.9,16.1,21.070833333333333,75.0,38.0
2016-05-05,28.9,16.6,22.066666666666666,85.0,36.0
2016-05-06,27.4,17.8,21.599999999999998,80.0,43.0
2016-05-07,28.2,17.1,21.8125,82.0,40.0
2016-05-08,28.8,16.3,22.4375,89.0,37.0
2016-05-09,27.9,18.6,22.55,77.0,39.0
2016-05-10,29.4,18.9,23.008333333333336,78.0,38.0
2016-05-11,29.6,17.4,22.820833333333336,88.0,38.0
2016-05-12,28.6,17.9,23.025000000000002,87.0,39.0
2016-05-13,25.5,16.9,21.216666666666665,83.0,52.0
2016-05-14,24.0,18.0,19.904166666666665,77.0,57.0
2016-05-15,24.7,17.1,19.695833333333333,83.0,50.0
2016-05-16,27.6,15.2,20.45,90.0,47.0
2016-05-17,28.7,17.1,22.325,91.0,45.0
2016-05-18,30.2,17.1,23.104166666666668,92.0,34.0
2016-05-19,28.0,18.4,22.8625,88.0,47.0
2016-05-20,25.9,19.2,21.920833333333334,83.0,50.0
2016-05-21,27.1,19.0,21.8625,80.0,44.0
2016-05-22,28.7,17.0,21.708333333333332,86.0,36.0
2016-05-23,28.8,16.7,22.366666666666664,90.0,43.0
2016-05-24,23.9,16.9,20.204166666666666,89.0,57.0
2016-05-25,25.0,15.4,18.904166666666665,76.0,47.0
2016-05-26,25.5,16.0,19.229166666666668,79.0,44.0
2016-05-27,25.8,14.2,20.05,91.0,37.0
2016-05-28,22.7,15.0,19.108333333333334,88.0,51.0
2016-05-29,26.0,12.9,18.954166666666666,91.0,39.0
2016-05-30,28.6,14.0,20.462500000000002,87.0,31.0
2016-05-31,28.8,15.3,21.729166666666668,86.0,34.0
2016-06-01,28.8,16.8,21.462500000000002,92.0,39.0
2016-06-02,21.4,16.5,18.954166666666666,91.0,68.0
2016-06-03,20.6,16.6,18.083333333333332,93.0,75.0
2016-06-04,25.2,16.5,19.516666666666666,94.0,61.0
2016-06-05,30.0,17.6,22.183333333333334,93.0,44.0
2016-06-06,30.5,18.6,23.895833333333332,90.0,37.0
2016-06-07,27.6,18.2,22.462500000000002,87.0,54.0
2016-06-08,25.3,18.6,21.420833333333334,92.0,58.0
2016-06-09,26.1,16.4,20.7,92.0,47.0
2016-06-10,26.9,16.5,20.245833333333334,84.0,49.0
2016-06-11,23.2,16.4,19.129166666666666,92.0,36.0
2016-06-12,24.3,12.2,17.724999999999998,88.0,33.0
2016-06-13,22.0,12.7,16.058333333333334,84.0,56.0
2016-06-14,21.5,12.4,15.741666666666667,86.0,49.0
2016-06-15,23.7,10.7,16.941666666666666,86.0,26.0
2016-06-16,24.6,11.2,17.166666666666668,91.0,33.0
2016-06-17,24.6,11.9,17.587500000000002,82.0,29.0
2016-06-18,26.5,11.8,18.370833333333334,90.0,23.0
2016-06-19,26.4,12.0,18.995833333333334,86.0,25.0
2016-06-20,24.7,14.1,18.962500000000002,83.0,39.0
2016-06-21,24.4,16.0,19.008333333333333,83.0,45.0
2016-06-22,21.8,14.4,17.883333333333333,85.0,53.0
2016-06-23,26.3,13.7,19.383333333333333,89.0,36.0
2016-06-24,26.6,14.2,20.016666666666666,90.0,38.0
2016-06-25,23.4,16.0,19.104166666666668,81.0,34.0
2016-06-26,22.6,13.9,17.466666666666665,76.0,38.0
2016-06-27,21.9,13.2,17.0,83.0,45.0
2016-06-28,21.2,11.1,16.14166666666667,89.0,58.0
2016-06-29,24.2,12.3,18.474999999999998,91.0,44.0
2016-06-30,22.3,16.4,18.945833333333333,85.0,60.0
2016-07-01,23.9,14.8,18.904166666666665,88.0,48.0
2016-07-02,24.3,16.0,19.245833333333334,77.0,48.0
2016-07-03,24.5,15.5,19.67083333333333,82.0,36.0
2016-07-04,24.4,14.8,18.954166666666666,75.0,40.0
2016-07-05,25.2,15.8,19.533333333333335,81.0,42.0
2016-07-06,26.3,15.1,19.733333333333334,75.0,32.0
2016-07-07,27.8,14.5,20.745833333333334,80.0,32.0
2016-07-08,27.2,14.2,20.8125,88.0,26.0
2016-07-09,26.0,15.6,19.795833333333334,78.0,38.0
2016-07-10,28.0,13.3,19.758333333333333,90.0,29.0
2016-07-11,28.5,13.8,20.783333333333335,89.0,27.0
2016-07-12,28.9,14.2,21.25,83.0,28.0
2016-07-13,28.6,14.5,21.212500000000002,84.0,27.0
2016-07-14,28.5,12.8,20.599999999999998,83.0,21.0
2016-07-15,29.2,13.5,21.520833333333332,80.0,22.0
2016-07-16,30.1,13.6,21.791666666666668,81.0,23.0
2016-07-17,27.2,16.4,21.337500000000002,73.0,21.0
2016-07-18,27.0,9.1,18.291666666666668,75.0,17.0
2016-07-19,26.0,15.3,19.933333333333334,78.0,41.0
2016-07-20,25.8,15.8,19.662499999999998,82.0,43.0
2016-07-21,26.3,15.9,19.966666666666665,85.0,33.0
2016-07-22,25.1,14.9,19.466666666666665,86.0,45.0
2016-07-23,24.7,15.8,19.204166666666666,82.0,44.0
2016-07-24,26.7,15.2,19.54583333333333,81.0,30.0
2016-07-25,27.3,13.5,20.108333333333334,83.0,25.0
2016-07-26,27.1,13.9,20.166666666666668,74.0,32.0
2016-07-27,29.1,15.2,21.95,74.0,24.0
2016-07-28,28.6,16.1,21.833333333333332,75.0,23.0
2016-07-29,24.5,16.9,20.170833333333334,74.0,42.0
2016-07-30,25.1,15.1,19.354166666666668,75.0,33.0
2016-07-31,22.1,15.0,18.308333333333334,80.0,48.0
2016-08-01,24.4,12.9,18.454166666666666,87.0,29.0
2016-08-02,26.5,11.4,18.895833333333332,82.0,27.0
2016-08-03,26.7,13.9,19.954166666666666,72.0,33.0
2016-08-04,25.3,16.1,19.608333333333334,78.0,37.0
2016-08-05,25.6,15.3,19.695833333333333,79.0,32.0
2016-08-06,27.5,14.2,20.591666666666665,78.0,26.0
2016-08-07,29.0,13.1,21.2625,80.0,24.0
2016-08-08,30.9,14.8,22.708333333333332,77.0,22.0
2016-08-09,31.0,18.0,23.816666666666666,63.0,20.0
2016-08-10,31.4,16.5,23.65416666666667,68.0,20.0
2016-08-11,28.0,18.5,22.483333333333334,71.0,13.0
2016-08-12,26.7,12.2,19.483333333333334,76.0,22.0
2016-08-13,27.3,14.8,19.841666666666665,79.0,29.0
2016-08-14,30.4,15.6,21.587500000000002,80.0,21.0
2016-08-15,31.9,16.7,23.47083333333333,80.0,23.0
2016-08-16,24.9,16.5,20.370833333333334,89.0,37.0
2016-08-17,30.4,14.5,21.5125,92.0,29.0
2016-08-18,32.7,16.3,24.400000000000002,81.0,13.0
2016-08-19,28.8,19.8,23.808333333333334,71.0,31.0
2016-08-20,29.8,18.1,23.224999999999998,78.0,35.0
2016-08-21,26.5,19.6,22.474999999999998,67.0,44.0
2016-08-22,24.8,16.2,19.8,73.0,42.0
2016-08-23,23.6,14.9,17.712500000000002,76.0,49.0
2016-08-24,26.5,15.4,19.520833333333332,78.0,38.0
2016-08-25,25.1,14.0,19.05,78.0,28.0
2016-08-26,26.3,13.5,19.395833333333332,70.0,17.0
2016-08-27,26.1,15.4,19.933333333333334,62.0,33.0
2016-08-28,28.2,16.1,21.058333333333334,71.0,27.0
2016-08-29,30.0,17.2,22.75,62.0,17.0
2016-08-30,29.4,18.0,22.8625,71.0,30.0
2016-08-31,30.4,18.9,22.7375,84.0,30.0
2016-09-01,25.6,16.5,21.025000000000002,91.0,55.0
2016-09-02,27.6,17.9,21.616666666666664,78.0,40.0
2016-09-03,26.7,16.9,21.133333333333333,74.0,33.0
2016-09-04,28.2,16.6,21.395833333333332,78.0,31.0
2016-09-05,27.6,17.2,21.65416666666667,70.0,29.0
2016-09-06,29.6,16.4,22.170833333333334,74.0,28.0
2016-09-07,31.4,18.7,23.96666666666667,59.0,23.0
2016-09-08,32.8,19.0,25.820833333333336,64.0,19.0
2016-09-09,31.2,20.0,24.2,65.0,27.0
2016-09-10,28.7,18.0,22.47083333333333,72.0,34.0
2016-09-11,29.5,17.9,23.150000000000002,66.0,27.0
2016-09-12,29.8,18.8,23.566666666666666,59.0,23.0
2016-09-13,31.3,17.7,23.995833333333334,68.0,20.0
2016-09-14,33.8,19.4,25.629166666666666,56.0,18.0
2016-09-15,35.1,20.4,27.3,58.0,18.0
2016-09-16,30.0,21.1,25.1875,67.0,33.0
2016-09-17,29.0,19.1,23.304166666666664,73.0,41.0
2016-09-18,35.5,19.2,25.84166666666667,71.0,18.0
2016-09-19,33.9,21.5,26.72083333333333,66.0,26.0
2016-09-20,30.3,19.1,24.133333333333336,79.0,33.0
2016-09-21,25.7,18.9,22.02916666666667,77.0,49.0
2016-09-22,27.0,13.9,19.604166666666668,67.0,36.0
2016-09-23,31.3,16.4,22.304166666666664,75.0,24.0
2016-09-24,31.8,19.2,23.6875,70.0,31.0
2016-09-25,29.3,16.5,21.34583333333333,91.0,41.0
2016-09-26,26.4,15.3,19.8,93.0,52.0
2016-09-27,27.9,17.5,21.041666666666668,82.0,41.0
2016-09-28,29.4,17.7,22.420833333333334,80.0,34.0
2016-09-29,32.4,18.7,24.520833333333332,76.0,22.0
2016-09-30,32.2,20.1,24.77916666666667,72.0,28.0
2016-10-01,26.6,18.8,21.65416666666667,83.0,51.0
2016-10-02,25.6,18.0,20.154166666666665,86.0,52.0
2016-10-03,25.7,17.1,20.1375,81.0,45.0
2016-10-04,21.1,16.5,18.170833333333334,93.0,68.0
2016-10-05,25.0,18.1,19.808333333333334,93.0,56.0
2016-10-06,26.4,17.0,20.224999999999998,92.0,51.0
2016-10-07,27.5,16.3,21.45,84.0,23.0
2016-10-08,31.1,13.3,22.425,81.0,18.0
2016-10-09,31.6,18.9,24.6375,73.0,28.0
2016-10-10,28.0,20.4,23.541666666666668,75.0,43.0
2016-10-11,28.8,18.3,22.6125,80.0,38.0
2016-10-12,29.8,18.7,23.037499999999998,76.0,33.0
2016-10-13,29.3,18.1,22.545833333333334,77.0,38.0
2016-10-14,29.9,19.1,23.375,74.0,38.0
2016-10-15,29.8,20.1,24.2625,83.0,41.0
2016-10-16,30.9,19.9,24.65416666666667,89.0,40.0
2016-10-17,32.6,21.0,25.991666666666664,64.0,29.0
2016-10-18,33.5,21.5,26.4875,75.0,26.0
2016-10-19,35.3,22.7,27.933333333333334,70.0,26.0
2016-10-20,34.2,23.6,27.3125,65.0,30.0
2016-10-21,34.7,22.4,27.766666666666666,66.0,26.0
2016-10-22,30.0,22.8,25.462500000000002,73.0,43.0
2016-10-23,28.6,21.4,24.004166666666666,76.0,44.0
2016-10-24,31.5,19.9,24.870833333333334,77.0,32.0
2016-10-25,31.1,20.9,25.291666666666668,71.0,37.0
2016-10-26,32.2,21.2,26.05,67.0,33.0
2016-10-27,34.3,21.7,27.02916666666667,62.0,27.0
2016-10-28,31.4,21.6,25.583333333333332,72.0,34.0
2016-10-29,26.0,19.4,22.3875,76.0,39.0
2016-10-30,26.8,17.2,20.345833333333335,78.0,45.0
2016-10-31,29.5,16.9,21.870833333333334,81.0,33.0
2016-11-01,28.9,17.4,22.308333333333334,79.0,34.0
2016-11-02,27.2,19.1,21.825,75.0,47.0
2016-11-03,31.9,20.7,23.883333333333336,88.0,33.0
2016-11-04,29.7,19.4,22.916666666666668,91.0,42.0
2016-11-05,25.8,18.2,21.133333333333333,91.0,53.0
2016-11-06,24.7,18.5,20.958333333333332,78.0,46.0
2016-11-07,25.4,18.3,20.979166666666668,83.0,49.0
2016-11-08,25.9,17.5,20.866666666666667,91.0,50.0
2016-11-09,30.9,17.9,23.045833333333334,83.0,35.0
2016-11-10,29.0,19.5,23.016666666666666,87.0,47.0
2016-11-11,32.2,19.2,23.95,88.0,33.0
2016-11-12,29.9,19.5,22.491666666666664,92.0,44.0
2016-11-13,22.6,18.8,20.2375,92.0,74.0
2016-11-14,21.6,17.7,19.329166666666666,93.0,88.0
2016-11-15,26.4,18.5,21.25,93.0,65.0
2016-11-16,27.9,18.8,22.083333333333332,93.0,55.0
2016-11-17,27.0,19.0,22.65833333333333,92.0,58.0
2016-11-18,29.6,19.8,23.258333333333336,91.0,46.0
2016-11-19,25.9,15.8,20.391666666666666,91.0,27.0
2016-11-20,27.5,12.1,19.916666666666668,78.0,28.0
2016-11-21,27.3,16.2,20.841666666666665,88.0,49.0
2016-11-22,27.9,18.3,21.97083333333333,90.0,50.0
2016-11-23,23.2,18.5,20.095833333333335,92.0,74.0
2016-11-24,30.3,19.1,22.366666666666664,93.0,46.0
2016-11-25,29.8,20.2,24.0125,89.0,43.0
2016-11-26,30.6,20.1,24.379166666666666,80.0,35.0
2016-11-27,30.0,19.8,24.2625,82.0,38.0
2016-11-28,30.9,20.3,25.379166666666666,79.0,39.0
2016-11-29,32.2,20.8,26.025000000000002,87.0,40.0
2016-11-30,26.3,19.9,22.087500000000002,91.0,60.0
2016-12-01,21.5,17.5,19.345833333333335,88.0,70.0
2016-12-02,27.3,17.5,21.154166666666665,87.0,54.0
2016-12-03,30.9,19.5,23.875,83.0,38.0
2016-12-04,26.9,18.7,21.641666666666666,92.0,62.0
2016-12-05,24.3,18.3,20.216666666666665,93.0,75.0
2016-12-06,31.4,19.4,24.370833333333334,93.0,33.0
2016-12-07,32.7,19.3,25.854166666666668,88.0,31.0
2016-12-08,31.0,19.8,23.879166666666666,87.0,44.0
2016-12-09,29.8,19.7,23.333333333333332,92.0,49.0
2016-12-10,27.4,20.1,22.866666666666664,92.0,62.0
2016-12-11,29.9,20.6,23.425,93.0,45.0
2016-12-12,29.3,19.8,23.304166666666664,92.0,56.0
2016-12-13,27.7,20.1,22.554166666666664,93.0,62.0
2016-12-14,24.7,19.2,21.045833333333334,93.0,77.0
2016-12-15,22.2,16.7,20.116666666666667,93.0,78.0
2016-12-16,22.3,15.5,18.154166666666665,91.0,63.0
2016-12-17,26.1,13.8,20.245833333333334,92.0,49.0
2016-12-18,28.2,18.1,21.7,87.0,46.0
2016-12-19,28.2,18.4,22.429166666666664,80.0,39.0
2016-12-20,28.5,18.6,23.054166666666664,81.0,33.0
2016-12-21,29.5,18.0,23.204166666666666,80.0,39.0
2016-12-22,31.3,20.5,25.004166666666666,79.0,40.0
2016-12-23,30.6,20.4,25.266666666666666,79.0,27.0
2016-12-24,32.9,19.6,26.179166666666664,70.0,22.0
2016-12-25,32.6,20.3,24.679166666666664,86.0,31.0
2016-12-26,31.5,18.8,24.504166666666666,92.0,39.0
2016-12-27,31.1,20.7,24.15416666666667,89.0,42.0
2016-12-28,31.6,19.0,24.7,90.0,33.0
2016-12-29,31.7,17.8,23.979166666666668,91.0,31.0
2016-12-30,32.8,20.6,25.995833333333334,81.0,27.0
2016-12-31,31.6,20.5,26.204166666666666,73.0,34.0
2017-01-01,32.5,19.7,25.6875,72.0,29.0
2017-01-02,33.4,21.4,26.962500000000002,73.0,29.0
2017-01-03,33.0,20.6,26.616666666666664,79.0,24.0
2017-01-04,32.1,22.4,26.349999999999998,75.0,36.0
2017-01-05,32.3,20.6,25.71666666666667,71.0,33.0
2017-01-06,31.8,20.3,25.504166666666666,84.0,39.0
2017-01-07,31.5,21.7,26.054166666666664,72.0,39.0
2017-01-08,31.7,21.2,25.895833333333332,62.0,34.0
2017-01-09,31.2,22.4,26.0125,67.0,33.0
2017-01-10,32.8,21.0,25.099999999999998,89.0,35.0
2017-01-11,32.7,19.4,24.349999999999998,92.0,39.0
2017-01-12,32.1,19.4,23.920833333333334,91.0,34.0
2017-01-13,26.2,18.8,21.891666666666666,92.0,60.0
2017-01-14,28.5,17.9,22.27916666666667,92.0,52.0
2017-01-15,26.7,18.4,21.3125,93.0,52.0
2017-01-16,23.5,19.5,21.162499999999998,92.0,67.0
2017-01-17,28.5,19.2,23.016666666666666,84.0,43.0
2017-01-18,29.8,19.3,23.837500000000002,82.0,31.0
2017-01-19,30.5,18.2,24.3875,77.0,41.0
2017-01-20,29.2,20.4,24.383333333333336,73.0,39.0
2017-01-21,28.7,19.9,23.8,73.0,42.0
2017-01-22,29.1,20.4,24.070833333333336,75.0,34.0
2017-01-23,29.1,19.5,23.929166666666664,75.0,43.0
2017-01-24,30.2,20.9,23.983333333333334,84.0,43.0
2017-01-25,31.1,20.7,25.016666666666666,83.0,41.0
2017-01-26,31.4,21.1,25.520833333333332,75.0,40.0
2017-01-27,30.3,20.8,25.28333333333333,67.0,36.0
2017-01-28,29.7,20.1,24.304166666666664,74.0,36.0
2017-01-29,29.2,19.8,24.520833333333332,76.0,41.0
2017-01-30,28.0,21.0,23.820833333333336,76.0,45.0
2017-01-31,29.6,20.4,24.254166666666666,78.0,35.0
2017-02-01,26.8,20.2,23.041666666666668,74.0,50.0
2017-02-02,29.4,19.5,22.691666666666666,90.0,42.0
2017-02-03,25.4,19.4,21.287499999999998,92.0,59.0
2017-02-04,31.1,19.9,22.958333333333332,89.0,43.0
2017-02-05,26.6,19.1,21.4875,92.0,64.0
2017-02-06,27.7,18.2,22.016666666666666,93.0,54.0
2017-02-07,30.8,18.6,22.59583333333333,93.0,46.0
2017-02-08,29.1,20.1,23.579166666666666,90.0,53.0
2017-02-09,28.5,18.9,23.099999999999998,89.0,49.0
2017-02-10,26.6,19.7,22.59583333333333,85.0,56.0
2017-02-11,27.6,20.0,22.916666666666668,81.0,48.0
2017-02-12,27.9,20.4,23.2625,78.0,42.0
2017-02-13,27.4,19.5,22.583333333333332,77.0,50.0
2017-02-14,28.2,18.6,22.583333333333332,83.0,46.0
2017-02-15,27.1,19.9,23.025000000000002,81.0,49.0
2017-02-16,28.4,18.5,23.28333333333333,85.0,45.0
2017-02-17,30.0,19.3,24.22083333333333,74.0,38.0
2017-02-18,30.5,21.5,25.208333333333332,72.0,29.0
2017-02-19,30.1,20.3,24.8125,71.0,35.0
2017-02-20,29.6,20.3,24.97083333333333,81.0,35.0
2017-02-21,28.9,19.6,23.729166666666668,82.0,42.0
2017-02-22,27.8,19.1,22.770833333333332,78.0,47.0
2017-02-23,30.0,19.6,24.041666666666668,80.0,33.0
2017-02-24,30.9,19.5,24.554166666666664,82.0,35.0
2017-02-25,29.3,18.5,23.224999999999998,90.0,37.0
2017-02-26,25.2,18.5,20.533333333333335,91.0,67.0
2017-02-27,26.2,17.9,20.441666666666666,92.0,56.0
2017-02-28,27.1,18.6,21.4875,92.0,52.0
2017-03-01,27.3,18.7,21.712500000000002,90.0,55.0
2017-03-02,31.3,18.1,23.3875,87.0,38.0
2017-03-03,30.2,20.3,24.704166666666666,87.0,41.0
2017-03-04,30.8,19.6,24.666666666666668,77.0,35.0
2017-03-05,30.0,20.6,24.495833333333334,81.0,45.0
2017-03-06,32.6,20.0,25.904166666666665,88.0,32.0
2017-03-07,31.4,21.3,26.40833333333333,81.0,45.0
2017-03-08,30.6,19.7,23.650000000000002,92.0,47.0
2017-03-09,27.4,17.5,22.308333333333334,92.0,56.0
2017-03-10,29.8,20.1,23.991666666666664,83.0,46.0
2017-03-11,30.2,19.9,24.40833333333333,76.0,32.0
2017-03-12,29.0,19.6,24.008333333333336,76.0,37.0
2017-03-13,31.5,17.9,24.84166666666667,82.0,30.0
2017-03-14,30.1,21.1,24.804166666666664,75.0,42.0
2017-03-15,29.5,19.9,24.087500000000002,77.0,37.0
2017-03-16,29.4,19.8,23.770833333333332,78.0,36.0
2017-03-17,31.5,19.5,24.579166666666666,82.0,33.0
2017-03-18,31.7,21.7,25.775000000000002,72.0,35.0
2017-03-19,25.5,18.3,21.516666666666666,93.0,60.0
2017-03-20,27.1,19.9,21.979166666666668,84.0,56.0
2017-03-21,29.3,17.6,22.454166666666666,79.0,39.0
2017-03-22,29.1,15.0,22.258333333333336,89.0,36.0
2017-03-23,28.7,14.7,21.941666666666666,88.0,32.0
2017-03-24,29.8,16.0,22.52916666666667,85.0,28.0
2017-03-25,31.0,18.1,24.370833333333334,79.0,31.0
2017-03-26,32.1,18.4,25.1375,86.0,31.0
2017-03-27,28.6,19.7,23.25,90.0,52.0
2017-03-28,23.8,19.0,20.325,93.0,65.0
2017-03-29,27.0,15.5,20.654166666666665,89.0,38.0
2017-03-30,28.8,14.0,21.183333333333334,90.0,29.0
2017-03-31,29.4,14.8,21.741666666666664,86.0,29.0
2017-04-01,27.5,15.8,21.425,73.0,27.0
2017-04-02,27.7,13.4,20.770833333333332,85.0,33.0
2017-04-03,29.1,17.4,22.504166666666666,78.0,26.0
2017-04-04,28.2,17.7,22.604166666666668,76.0,32.0
2017-04-05,29.5,18.4,22.941666666666666,79.0,34.0
2017-04-06,30.3,19.6,24.075,77.0,43.0
2017-04-07,29.4,21.3,24.666666666666668,78.0,47.0
2017-04-08,29.4,20.9,24.537499999999998,84.0,43.0
2017-04-09,28.9,20.3,23.84166666666667,80.0,41.0
2017-04-10,27.4,18.0,22.6875,88.0,49.0
2017-04-11,30.1,17.9,23.5125,90.0,41.0
2017-04-12,30.4,19.4,23.670833333333334,88.0,40.0
2017-04-13,27.6,19.8,22.820833333333336,76.0,50.0
2017-04-14,27.8,18.5,22.204166666666666,84.0,48.0
2017-04-15,29.1,17.7,22.766666666666666,89.0,42.0
2017-04-16,29.6,18.3,22.979166666666668,84.0,35.0
2017-04-17,30.6,17.3,23.504166666666666,87.0,31.0
2017-04-18,27.5,20.3,23.554166666666664,73.0,45.0
2017-04-19,25.0,18.3,20.616666666666667,79.0,53.0
2017-04-20,26.5,17.5,20.858333333333334,78.0,46.0
2017-04-21,27.7,16.5,20.841666666666665,82.0,43.0
2017-04-22,27.5,18.3,21.991666666666664,80.0,48.0
2017-04-23,27.3,19.2,22.045833333333334,88.0,49.0
2017-04-24,27.2,17.2,21.666666666666668,84.0,49.0
2017-04-25,28.4,18.6,22.27916666666667,83.0,45.0
2017-04-26,30.3,18.4,23.104166666666668,85.0,41.0
2017-04-27,29.8,19.4,23.724999999999998,92.0,46.0
2017-04-28,24.5,19.2,21.204166666666666,91.0,65.0
2017-04-29,23.7,18.6,19.933333333333334,90.0,62.0
2017-04-30,25.6,17.7,19.95,82.0,51.0
2017-05-01,25.2,14.1,19.670833333333334,87.0,48.0
2017-05-02,25.7,15.1,20.016666666666666,84.0,46.0
2017-05-03,25.3,17.3,20.383333333333333,82.0,46.0
2017-05-04,25.8,16.9,20.554166666666667,76.0,46.0
2017-05-05,27.4,16.5,21.25,86.0,38.0
2017-05-06,25.7,17.0,20.3,86.0,50.0
2017-05-07,27.3,14.9,20.508333333333333,93.0,33.0
2017-05-08,28.1,13.7,20.5625,92.0,28.0
2017-05-09,28.5,16.2,21.870833333333334,85.0,33.0
2017-05-10,28.7,15.0,21.650000000000002,90.0,27.0
2017-05-11,27.8,15.9,21.029166666666665,85.0,41.0
2017-05-12,25.5,14.5,19.970833333333335,81.0,40.0
2017-05-13,27.0,16.2,20.045833333333334,72.0,36.0
2017-05-14,29.1,14.2,21.270833333333332,89.0,34.0
2017-05-15,25.5,18.6,21.90833333333333,86.0,49.0
2017-05-16,26.1,18.4,21.066666666666666,92.0,59.0
2017-05-17,23.7,16.9,19.416666666666668,80.0,59.0
2017-05-18,23.8,17.3,19.095833333333335,81.0,56.0
2017-05-19,20.4,16.8,18.366666666666667,85.0,70.0
2017-05-20,21.9,16.6,18.7,93.0,71.0
2017-05-21,25.1,18.1,20.529166666666665,87.0,61.0
2017-05-22,26.8,18.7,21.5625,88.0,56.0
2017-05-23,26.6,16.0,21.125,92.0,53.0
2017-05-24,25.5,17.3,20.616666666666667,84.0,51.0
2017-05-25,26.6,18.0,20.895833333333332,83.0,48.0
2017-05-26,24.1,17.1,19.883333333333333,86.0,55.0
2017-05-27,25.8,14.2,19.791666666666668,87.0,34.0
2017-05-28,25.1,16.1,19.875,83.0,39.0
2017-05-29,26.9,15.7,19.875,81.0,36.0
2017-05-30,26.2,13.4,19.495833333333334,89.0,33.0
2017-05-31,27.0,14.6,19.891666666666666,80.0,34.0
2017-06-01,28.7,14.6,21.26666666666667,85.0,37.0
2017-06-02,28.0,16.8,22.52916666666667,88.0,34.0
2017-06-03,27.8,14.9,20.575,81.0,45.0
2017-06-04,28.2,17.3,21.295833333333334,86.0,44.0
2017-06-05,27.8,14.6,20.712500000000002,92.0,38.0
2017-06-06,29.0,15.5,21.71666666666667,91.0,28.0
2017-06-07,30.7,15.5,22.412499999999998,89.0,19.0
2017-06-08,28.3,16.0,22.05,84.0,30.0
2017-06-09,29.6,15.6,21.775000000000002,89.0,31.0
2017-06-10,27.5,16.6,21.741666666666664,85.0,27.0
2017-06-11,26.8,14.3,20.129166666666666,77.0,39.0
2017-06-12,25.8,17.3,20.283333333333335,91.0,55.0
2017-06-13,26.2,15.2,19.758333333333333,92.0,51.0
2017-06-14,25.3,16.9,19.9375,85.0,47.0
2017-06-15,24.5,14.0,18.9875,90.0,50.0
2017-06-16,24.0,12.6,18.183333333333334,89.0,46.0
2017-06-17,25.1,13.8,18.837500000000002,88.0,39.0
2017-06-18,25.0,12.7,18.675,88.0,35.0
2017-06-19,26.5,12.4,18.900000000000002,90.0,24.0
2017-06-20,25.6,16.7,20.3,71.0,35.0
2017-06-21,23.1,14.0,18.983333333333334,87.0,41.0
2017-06-22,22.9,14.9,17.995833333333334,79.0,49.0
2017-06-23,24.3,12.8,18.133333333333333,83.0,39.0
2017-06-24,23.8,15.0,18.295833333333334,81.0,41.0
2017-06-25,23.9,11.1,17.704166666666666,86.0,41.0
2017-06-26,22.9,11.8,16.925,89.0,50.0
2017-06-27,23.0,11.4,17.216666666666665,86.0,47.0
2017-06-28,24.6,13.3,18.625,91.0,40.0
2017-06-29,24.0,13.7,18.3,74.0,27.0
2017-06-30,24.3,13.1,18.425,82.0,26.0
2017-07-01,25.6,11.4,17.983333333333334,87.0,26.0
2017-07-02,23.1,13.1,17.791666666666668,78.0,41.0
2017-07-03,20.6,11.8,15.445833333333333,71.0,35.0
2017-07-04,19.7,7.7,13.625,85.0,39.0
2017-07-05,20.2,11.9,14.904166666666667,75.0,45.0
2017-07-06,20.9,10.6,15.104166666666666,89.0,50.0
2017-07-07,21.7,12.1,15.554166666666667,88.0,48.0
2017-07-08,21.6,11.6,16.304166666666667,83.0,41.0
2017-07-09,23.7,12.4,17.070833333333333,82.0,42.0
2017-07-10,21.4,13.8,17.016666666666666,82.0,52.0
2017-07-11,24.3,14.1,18.05,81.0,44.0
2017-07-12,25.2,12.7,18.479166666666668,85.0,39.0
2017-07-13,24.2,12.9,18.020833333333332,86.0,33.0
2017-07-14,23.5,12.5,17.254166666666666,89.0,42.0
2017-07-15,23.1,12.6,17.425,87.0,44.0
2017-07-16,23.8,13.4,17.916666666666668,88.0,35.0
2017-07-17,24.4,13.3,18.345833333333335,80.0,33.0
2017-07-18,25.0,14.4,18.8125,87.0,31.0
2017-07-19,23.5,14.2,18.316666666666666,76.0,33.0
2017-07-20,24.9,12.6,18.083333333333332,83.0,35.0
2017-07-21,27.0,14.4,19.483333333333334,75.0,27.0
2017-07-22,27.2,12.9,19.633333333333333,83.0,24.0
2017-07-23,24.4,12.5,18.441666666666666,74.0,23.0
2017-07-24,24.8,13.5,18.391666666666666,73.0,36.0
2017-07-25,24.6,14.3,19.0125,86.0,33.0
2017-07-26,24.3,14.3,18.712500000000002,76.0,32.0
2017-07-27,22.7,13.4,17.658333333333335,75.0,36.0
2017-07-28,24.0,10.0,17.429166666666667,88.0,31.0
2017-07-29,20.9,13.4,16.679166666666667,73.0,48.0
2017-07-30,22.6,13.8,17.091666666666665,88.0,34.0
2017-07-31,22.2,14.4,17.404166666666665,76.0,31.0
2017-08-01,22.3,12.0,16.716666666666665,63.0,33.0
2017-08-02,24.2,10.4,17.337500000000002,83.0,29.0
2017-08-03,29.0,12.0,19.554166666666667,80.0,23.0
2017-08-04,28.0,16.6,21.979166666666668,68.0,20.0
2017-08-05,26.2,13.9,19.474999999999998,70.0,29.0
2017-08-06,23.1,13.5,17.995833333333334,72.0,43.0
2017-08-07,24.7,13.4,18.158333333333335,77.0,37.0
2017-08-08,28.8,14.2,20.2375,67.0,20.0
2017-08-09,30.3,12.8,21.7625,78.0,19.0
2017-08-10,32.1,14.9,23.566666666666666,71.0,17.0
2017-08-11,26.5,16.9,21.07391304347826,74.0,34.0
2017-08-12,26.8,15.3,19.954166666666666,77.0,37.0
2017-08-13,28.7,16.1,20.775000000000002,73.0,26.0
2017-08-14,31.5,13.7,21.98695652173913,84.0,22.0
2017-08-15,26.4,16.2,21.333333333333332,79.0,41.0
2017-08-16,27.6,16.1,20.620833333333334,71.0,31.0
2017-08-17,21.9,17.5,19.153846153846153,61.0,46.0
2017-08-18,27.7,20.6,24.258333333333336,60.0,33.0
2017-08-19,28.6,17.5,21.616666666666664,71.0,33.0
2017-08-20,31.4,16.3,22.2,77.0,24.0
2017-08-21,28.4,17.3,21.858333333333334,75.0,38.0
2017-08-22,24.4,14.8,18.75,71.0,42.0
2017-08-23,23.8,15.1,18.320833333333333,76.0,43.0
2017-08-24,26.0,14.5,18.525000000000002,77.0,31.0
2017-08-25,24.0,13.1,17.766666666666666,68.0,27.0
2017-08-26,26.7,13.1,18.729166666666668,66.0,21.0
2017-08-27,27.3,15.0,19.8625,61.0,28.0
2017-08-28,30.0,16.4,21.55,56.0,22.0
2017-08-29,28.6,16.2,21.55,59.0,23.0
2017-08-30,31.6,16.0,22.304166666666664,61.0,21.0
2017-08-31,32.7,15.8,24.0625,72.0,20.0
2017-09-01,25.2,16.9,20.558333333333334,73.0,36.0
2017-09-02,25.6,13.0,18.675,79.0,29.0
2017-09-03,23.7,13.5,17.675,72.0,30.0
2017-09-04,23.6,12.6,17.7375,77.0,31.0
2017-09-05,26.4,13.6,19.329166666666666,76.0,22.0
2017-09-06,28.4,15.4,21.204166666666666,65.0,24.0
2017-09-07,29.1,16.4,22.145833333333332,58.0,17.0
2017-09-08,27.5,15.1,20.7375,71.0,27.0
2017-09-09,27.3,14.9,20.491666666666667,74.0,21.0
2017-09-10,28.3,16.6,21.308333333333334,77.0,30.0
2017-09-11,28.4,17.2,21.879166666666666,77.0,25.0
2017-09-12,28.5,15.8,21.320833333333333,67.0,24.0
2017-09-13,27.5,15.4,21.033333333333335,76.0,27.0
2017-09-14,29.6,16.2,21.97083333333333,75.0,23.0
2017-09-15,30.4,17.1,22.770833333333332,68.0,15.0
2017-09-16,28.7,16.4,21.8875,63.0,25.0
2017-09-17,28.2,16.2,21.454166666666666,78.0,27.0
2017-09-18,27.1,16.3,21.0625,76.0,29.0
2017-09-19,26.8,16.0,21.116666666666667,70.0,31.0
2017-09-20,27.4,16.5,20.870833333333334,78.0,30.0
2017-09-21,27.7,15.4,20.9,76.0,26.0
2017-09-22,26.7,15.7,20.566666666666666,71.0,29.0
2017-09-23,27.8,16.1,21.125,72.0,30.0
2017-09-24,28.8,16.2,21.583333333333332,64.0,19.0
2017-09-25,26.8,16.9,20.904166666666665,66.0,20.0
2017-09-26,28.1,16.0,20.845833333333335,77.0,28.0
2017-09-27,27.8,17.0,21.454166666666666,75.0,34.0
2017-09-28,32.5,17.4,23.879166666666666,75.0,19.0
2017-09-29,31.1,16.6,23.508333333333336,89.0,26.0
2017-09-30,24.5,16.7,19.5125,92.0,48.0
2017-10-01,30.3,16.1,21.220833333333335,92.0,29.0
2017-10-02,32.6,18.1,23.212500000000002,92.0,33.0
2017-10-03,24.5,17.6,20.474999999999998,93.0,55.0
2017-10-04,25.9,16.2,21.037499999999998,88.0,56.0
2017-10-05,27.9,17.7,21.741666666666664,80.0,44.0
2017-10-06,31.3,17.4,23.479166666666668,82.0,21.0
2017-10-07,30.9,18.6,23.708333333333332,69.0,27.0
2017-10-08,28.9,18.5,23.34166666666667,64.0,32.0
2017-10-09,29.9,17.8,23.254166666666666,71.0,34.0
2017-10-10,31.9,19.5,24.829166666666666,59.0,23.0
2017-10-11,32.2,20.1,25.575,55.0,26.0
2017-10-12,33.1,20.5,26.02916666666667,55.0,22.0
2017-10-13,30.6,20.4,25.191666666666666,55.0,22.0
2017-10-14,34.0,19.6,26.2,53.0,13.0
2017-10-15,33.7,20.7,26.604166666666668,69.0,24.0
2017-10-16,29.2,20.2,23.745833333333334,74.0,42.0
2017-10-17,29.4,19.5,23.445833333333336,72.0,33.0
2017-10-18,29.4,17.2,22.433333333333334,73.0,24.0
2017-10-19,30.6,16.9,23.070833333333336,72.0,17.0
2017-10-20,33.7,18.1,25.866666666666664,58.0,15.0
2017-10-21,36.1,21.9,27.670833333333334,55.0,18.0
2017-10-22,35.4,20.1,26.816666666666666,87.0,19.0
2017-10-23,30.2,18.5,23.758333333333336,92.0,33.0
2017-10-24,27.0,19.3,22.320833333333336,78.0,42.0
2017-10-25,29.2,18.8,22.90416666666667,75.0,36.0
2017-10-26,31.4,18.9,24.09166666666667,68.0,30.0
2017-10-27,32.2,20.4,24.870833333333334,63.0,30.0
2017-10-28,26.6,17.6,21.920833333333334,91.0,47.0
2017-10-29,30.0,19.2,23.849999999999998,88.0,43.0
2017-10-30,28.3,19.8,22.629166666666666,81.0,42.0
2017-10-31,30.3,18.3,23.15416666666667,92.0,40.0
2017-11-01,24.2,18.5,20.254166666666666,86.0,56.0
2017-11-02,24.6,17.6,20.1125,82.0,54.0
2017-11-03,27.7,16.7,21.304166666666667,83.0,43.0
2017-11-04,29.6,17.9,22.65833333333333,82.0,37.0
2017-11-05,29.8,19.8,24.179166666666664,80.0,42.0
2017-11-06,28.7,20.8,23.295833333333334,88.0,48.0
2017-11-07,23.4,18.1,20.625,77.0,58.0
2017-11-08,24.4,16.8,19.970833333333335,83.0,55.0
2017-11-09,22.1,17.1,19.2,90.0,66.0
2017-11-10,23.2,18.6,20.3125,85.0,69.0
2017-11-11,23.6,18.3,20.370833333333334,92.0,70.0
2017-11-12,29.2,17.5,22.125,93.0,37.0
2017-11-13,31.3,15.9,24.454166666666666,86.0,15.0
2017-11-14,29.8,19.4,24.27916666666667,68.0,29.0
2017-11-15,29.7,19.2,23.758333333333336,77.0,31.0
2017-11-16,30.7,18.0,23.666666666666668,78.0,26.0
2017-11-17,32.4,19.6,25.1125,75.0,24.0
2017-11-18,29.7,19.7,24.275000000000002,91.0,40.0
2017-11-19,29.4,18.3,22.045833333333334,92.0,48.0
2017-11-20,28.8,19.8,22.991666666666664,92.0,49.0
2017-11-21,25.6,19.5,21.087500000000002,92.0,67.0
2017-11-22,22.7,19.4,20.695833333333333,92.0,74.0
2017-11-23,24.2,19.1,20.754166666666666,92.0,68.0
2017-11-24,24.1,17.9,20.370833333333334,90.0,66.0
2017-11-25,27.6,18.5,22.099999999999998,82.0,53.0
2017-11-26,27.3,19.4,22.258333333333336,78.0,50.0
2017-11-27,29.2,19.5,23.429166666666664,83.0,44.0
2017-11-28,29.9,20.0,23.933333333333334,88.0,41.0
2017-11-29,29.4,20.1,23.2,90.0,44.0
2017-11-30,27.5,18.2,21.504166666666666,91.0,49.0
2017-12-01,21.4,18.9,19.766666666666666,92.0,80.0
2017-12-02,24.8,18.3,20.266666666666666,92.0,68.0
2017-12-03,26.8,19.0,20.9125,93.0,67.0
2017-12-04,27.0,20.2,22.162499999999998,93.0,67.0
2017-12-05,29.4,20.5,24.141666666666666,91.0,50.0
2017-12-06,27.7,20.5,23.266666666666666,86.0,55.0
2017-12-07,25.8,19.8,21.337500000000002,90.0,61.0
2017-12-08,23.7,19.0,20.650000000000002,92.0,84.0
2017-12-09,30.5,18.3,23.27916666666667,93.0,42.0
2017-12-10,30.6,18.7,24.40416666666667,92.0,34.0
2017-12-11,23.9,19.5,21.670833333333334,91.0,71.0
2017-12-12,28.5,18.7,22.508333333333336,92.0,47.0
2017-12-13,24.6,19.0,21.4875,86.0,55.0
2017-12-14,26.1,18.5,20.995833333333334,91.0,56.0
2017-12-15,27.5,18.2,21.820833333333336,85.0,50.0
2017-12-16,28.1,18.3,21.275000000000002,92.0,49.0
2017-12-17,28.9,19.0,23.183333333333334,92.0,42.0
2017-12-18,31.0,19.0,24.429166666666664,79.0,31.0
2017-12-19,29.7,19.6,24.275000000000002,80.0,35.0
2017-12-20,30.7,19.5,24.420833333333334,73.0,33.0
2017-12-21,30.1,20.4,24.4875,78.0,41.0
2017-12-22,30.3,20.6,24.133333333333336,80.0,37.0
2017-12-23,31.7,20.5,25.108333333333334,81.0,28.0
2017-12-24,32.4,20.9,26.308333333333334,79.0,35.0
2017-12-25,32.8,21.7,26.804166666666664,79.0,38.0
2017-12-26,31.6,22.0,26.379166666666666,79.0,36.0
2017-12-27,31.5,21.9,25.916666666666668,81.0,45.0
2017-12-28,33.0,21.1,26.162499999999998,80.0,33.0
2017-12-29,30.3,22.1,25.5125,74.0,40.0
2017-12-30,26.5,19.5,22.733333333333334,93.0,57.0
2017-12-31,28.0,19.2,22.583333333333332,93.0,49.0
2018-01-01,29.8,20.3,23.620833333333334,92.0,40.0
2018-01-02,29.8,19.4,24.0125,92.0,49.0
2018-01-03,30.1,18.7,23.570833333333336,93.0,47.0
2018-01-04,22.4,18.8,20.391666666666666,93.0,85.0
2018-01-05,28.0,19.0,21.150000000000002,93.0,58.0
2018-01-06,27.3,17.7,21.5,92.0,57.0
2018-01-07,29.7,19.1,23.379166666666666,92.0,46.0
2018-01-08,29.0,20.2,24.2625,80.0,34.0
2018-01-09,29.2,19.7,23.6375,73.0,39.0
2018-01-10,29.4,20.3,24.516666666666666,77.0,38.0
2018-01-11,27.7,19.6,23.34166666666667,77.0,44.0
2018-01-12,29.7,19.8,23.620833333333334,74.0,39.0
2018-01-13,30.1,19.9,24.370833333333334,77.0,34.0
2018-01-14,28.5,19.4,22.78333333333333,90.0,54.0
2018-01-15,29.8,18.9,23.320833333333336,89.0,47.0
2018-01-16,30.7,19.1,25.079166666666666,90.0,38.0
2018-01-17,30.2,19.7,25.2,77.0,35.0
2018-01-18,30.7,19.5,25.212500000000002,68.0,27.0
2018-01-19,32.4,20.2,26.104166666666668,69.0,23.0
2018-01-20,32.4,21.3,26.858333333333334,61.0,19.0
2018-01-21,32.2,21.8,26.833333333333332,51.0,21.0
2018-01-22,31.1,21.9,25.420833333333334,77.0,34.0
2018-01-23,29.7,20.4,24.02916666666667,88.0,45.0
2018-01-24,30.6,20.8,24.775000000000002,83.0,38.0
2018-01-25,29.8,20.7,24.7375,73.0,38.0
2018-01-26,31.3,20.1,25.191666666666666,66.0,30.0
2018-01-27,30.9,21.7,25.6875,71.0,33.0
2018-01-28,32.3,20.5,25.65416666666667,80.0,29.0
2018-01-29,30.5,19.8,24.95,91.0,44.0
2018-01-30,29.4,18.7,22.916666666666668,93.0,55.0
2018-01-31,27.9,19.7,21.920833333333334,93.0,59.0
2018-02-01,25.9,18.1,20.704166666666666,91.0,69.0
2018-02-02,21.6,18.3,19.879166666666666,92.0,81.0
2018-02-03,28.1,18.0,20.6125,93.0,55.0
2018-02-04,21.9,18.1,19.616666666666667,91.0,76.0
2018-02-05,22.4,17.6,19.224999999999998,93.0,80.0
2018-02-06,27.2,18.6,21.025000000000002,93.0,59.0
2018-02-07,28.0,18.3,21.84583333333333,93.0,50.0
2018-02-08,31.2,18.4,23.679166666666664,93.0,41.0
2018-02-09,31.3,20.6,24.52916666666667,83.0,40.0
2018-02-10,30.0,21.2,23.587500000000002,90.0,50.0
2018-02-11,30.2,20.6,24.59166666666667,86.0,42.0
2018-02-12,30.1,19.2,24.258333333333336,69.0,29.0
2018-02-13,29.8,20.2,24.979166666666668,75.0,36.0
2018-02-14,29.5,20.7,24.775000000000002,77.0,35.0
2018-02-15,28.6,18.6,23.875,78.0,42.0
2018-02-16,28.7,19.1,23.3125,90.0,40.0
2018-02-17,28.7,19.0,23.1375,82.0,44.0
2018-02-18,30.6,19.6,24.0625,81.0,39.0
2018-02-19,28.3,20.8,23.579166666666666,90.0,53.0
2018-02-20,28.6,19.2,22.058333333333334,91.0,54.0
2018-02-21,28.3,19.6,22.6125,91.0,59.0
2018-02-22,25.3,19.2,20.945833333333333,92.0,69.0
2018-02-23,27.7,18.7,21.795833333333334,92.0,53.0
2018-02-24,29.1,18.7,22.795833333333334,93.0,49.0
2018-02-25,28.2,18.5,22.295833333333334,92.0,54.0
2018-02-26,29.2,20.1,22.579166666666666,89.0,52.0
2018-02-27,29.6,19.6,23.97083333333333,89.0,48.0
2018-02-28,30.6,21.2,24.71666666666667,83.0,46.0
2018-03-01,31.4,19.6,24.370833333333334,91.0,43.0
2018-03-02,30.0,20.2,23.770833333333332,92.0,55.0
2018-03-03,30.7,19.7,23.954166666666666,91.0,46.0
2018-03-04,29.8,20.6,23.7375,90.0,53.0
2018-03-05,29.2,18.9,22.704166666666666,93.0,53.0
2018-03-06,31.8,19.4,24.5625,93.0,41.0
2018-03-07,29.8,20.1,24.241666666666664,92.0,48.0
2018-03-08,30.2,19.8,23.77916666666667,93.0,47.0
2018-03-09,24.7,19.4,21.412499999999998,93.0,68.0
2018-03-10,27.5,20.2,22.525000000000002,92.0,60.0
2018-03-11,26.8,19.7,21.979166666666668,93.0,66.0
2018-03-12,30.4,19.1,23.791666666666668,93.0,40.0
2018-03-13,31.6,19.3,25.333333333333332,91.0,39.0
2018-03-14,31.6,21.7,25.837500000000002,88.0,44.0
2018-03-15,31.5,21.1,26.458333333333332,89.0,39.0
2018-03-16,31.0,18.6,24.633333333333336,93.0,45.0
2018-03-17,29.3,19.2,22.21666666666667,92.0,50.0
2018-03-18,29.4,19.0,23.166666666666668,92.0,45.0
2018-03-19,30.7,19.1,24.474999999999998,89.0,36.0
2018-03-20,29.7,19.1,23.816666666666666,92.0,41.0
2018-03-21,28.1,20.2,23.008333333333336,90.0,53.0
2018-03-22,28.9,19.3,22.03333333333333,92.0,51.0
2018-03-23,28.4,18.1,22.429166666666664,92.0,55.0
2018-03-24,26.8,19.3,22.34166666666667,80.0,45.0
2018-03-25,27.9,18.9,22.316666666666666,83.0,53.0
2018-03-26,27.5,19.2,22.7375,81.0,40.0
2018-03-27,27.9,19.1,22.55,81.0,37.0
2018-03-28,27.6,17.3,22.34583333333333,86.0,45.0
2018-03-29,27.6,18.7,22.733333333333334,82.0,41.0
2018-03-30,28.1,17.7,22.420833333333334,86.0,38.0
2018-03-31,27.9,18.6,22.545833333333334,82.0,42.0
2018-04-01,28.7,17.9,22.929166666666664,81.0,40.0
2018-04-02,29.1,19.1,23.6375,83.0,47.0
2018-04-03,30.2,19.1,24.004166666666666,88.0,46.0
2018-04-04,30.0,19.8,23.587500000000002,91.0,45.0
2018-04-05,30.5,18.9,23.162499999999998,91.0,44.0
2018-04-06,26.1,19.3,21.545833333333334,92.0,50.0
2018-04-07,28.5,18.6,22.629166666666666,84.0,45.0
2018-04-08,27.7,19.3,22.554166666666664,85.0,49.0
2018-04-09,27.0,18.9,22.241666666666664,84.0,47.0
2018-04-10,27.0,19.1,22.212500000000002,82.0,44.0
2018-04-11,26.6,18.2,21.829166666666666,82.0,45.0
2018-04-12,26.5,17.9,20.654166666666665,78.0,51.0
2018-04-13,26.7,18.0,21.570833333333336,84.0,50.0
2018-04-14,29.3,16.5,22.633333333333336,90.0,40.0
2018-04-15,27.4,19.3,22.433333333333334,81.0,50.0
2018-04-16,24.4,18.9,20.95,80.0,59.0
2018-04-17,24.8,17.2,20.120833333333334,77.0,45.0
2018-04-18,24.9,14.7,19.420833333333334,84.0,45.0
2018-04-19,24.6,14.9,19.258333333333333,86.0,49.0
2018-04-20,27.3,15.0,20.8875,88.0,34.0
2018-04-21,25.1,17.5,20.35833333333333,79.0,50.0
2018-04-22,25.5,16.8,19.9375,81.0,46.0
2018-04-23,24.8,16.0,19.866666666666667,81.0,49.0
2018-04-24,25.9,17.3,20.55,83.0,51.0
2018-04-25,26.1,16.9,21.033333333333335,89.0,50.0
2018-04-26,27.5,17.5,22.083333333333332,87.0,43.0
2018-04-27,27.9,18.5,22.420833333333334,81.0,40.0
2018-04-28,27.6,17.3,21.741666666666664,87.0,38.0
2018-04-29,26.7,16.3,21.05,86.0,41.0
2018-04-30,27.2,17.0,21.087500000000002,74.0,36.0
2018-05-01,28.4,14.9,21.3875,84.0,30.0
2018-05-02,27.9,13.9,20.870833333333334,83.0,22.0
2018-05-03,28.5,16.6,21.758333333333336,70.0,31.0
2018-05-04,28.2,16.6,21.900000000000002,81.0,36.0
2018-05-05,28.4,17.9,22.34166666666667,82.0,37.0
2018-05-06,27.8,15.6,21.099999999999998,91.0,42.0
2018-05-07,25.9,15.7,20.558333333333334,87.0,43.0
2018-05-08,26.0,14.9,19.85,88.0,47.0
2018-05-09,25.5,14.8,19.683333333333334,89.0,47.0
2018-05-10,25.0,12.9,18.729166666666668,90.0,45.0
2018-05-11,27.7,14.5,20.366666666666667,85.0,36.0
2018-05-12,29.1,15.4,21.34583333333333,90.0,31.0
2018-05-13,28.3,17.4,21.445833333333336,82.0,32.0
2018-05-14,26.7,19.0,21.895833333333332,79.0,45.0
2018-05-15,26.5,18.1,20.9875,80.0,44.0
2018-05-16,28.0,17.3,21.6875,85.0,42.0
2018-05-17,26.6,16.8,21.308333333333334,90.0,54.0
2018-05-18,27.0,18.8,21.554166666666664,82.0,47.0
2018-05-19,28.6,17.4,20.558333333333334,90.0,46.0
2018-05-20,19.1,12.5,16.395833333333332,93.0,45.0
2018-05-21,24.4,8.7,15.525,92.0,21.0
2018-05-22,26.2,9.8,17.587500000000002,88.0,34.0
2018-05-23,27.1,13.7,19.75,92.0,30.0
2018-05-24,24.6,14.8,18.9875,86.0,52.0
2018-05-25,23.7,15.3,18.541666666666668,83.0,54.0
2018-05-26,24.7,13.4,17.900000000000002,92.0,52.0
2018-05-27,24.9,13.9,18.495833333333334,89.0,43.0
2018-05-28,24.7,12.4,18.375,89.0,33.0
2018-05-29,23.9,13.9,18.212500000000002,81.0,40.0
2018-05-30,25.0,11.6,17.541666666666668,90.0,32.0
2018-05-31,24.4,12.7,17.837500000000002,89.0,33.0
2018-06-01,24.8,15.8,19.329166666666666,76.0,36.0
2018-06-02,27.2,13.1,20.1375,91.0,31.0
2018-06-03,28.8,13.6,20.833333333333332,88.0,32.0
2018-06-04,24.7,17.3,20.041666666666668,80.0,51.0
2018-06-05,25.6,15.6,19.308333333333334,81.0,44.0
2018-06-06,26.6,15.4,20.412499999999998,90.0,44.0
2018-06-07,27.3,15.8,21.095833333333335,87.0,44.0
2018-06-08,26.4,16.3,21.2375,91.0,41.0
2018-06-09,26.7,15.3,20.241666666666667,91.0,55.0
2018-06-10,26.3,17.2,20.229166666666668,84.0,49.0
2018-06-11,26.2,16.5,19.891666666666666,85.0,48.0
2018-06-12,27.9,15.1,20.7,90.0,40.0
2018-06-13,29.0,15.7,21.558333333333334,90.0,33.0
2018-06-14,29.7,16.1,22.087500000000002,90.0,32.0
2018-06-15,26.0,18.3,21.204166666666666,80.0,44.0
2018-06-16,25.9,16.5,20.070833333333333,75.0,39.0
2018-06-17,25.2,14.2,19.175,89.0,43.0
2018-06-18,24.4,13.1,18.529166666666665,92.0,43.0
2018-06-19,22.0,14.0,17.587500000000002,89.0,58.0
2018-06-20,25.6,15.0,18.375,82.0,42.0
2018-06-21,26.6,11.9,18.733333333333334,91.0,31.0
2018-06-22,27.5,13.4,19.933333333333334,89.0,27.0
2018-06-23,27.3,17.4,21.2625,73.0,32.0
2018-06-24,26.2,18.3,20.391666666666666,76.0,40.0
2018-06-25,25.8,14.1,19.658333333333335,90.0,39.0
2018-06-26,26.9,18.3,21.129166666666666,79.0,33.0
2018-06-27,26.9,17.2,21.454166666666666,77.0,27.0
2018-06-28,24.7,15.4,19.516666666666666,80.0,34.0
2018-06-29,23.9,15.9,19.070833333333333,70.0,38.0
2018-06-30,26.0,14.4,19.704166666666666,85.0,34.0
2018-07-01,27.0,15.7,20.429166666666667,83.0,31.0
2018-07-02,27.6,14.0,20.245833333333334,89.0,28.0
2018-07-03,28.1,13.5,20.545833333333334,90.0,25.0
2018-07-04,27.0,13.8,19.900000000000002,87.0,29.0
2018-07-05,25.8,16.1,19.983333333333334,74.0,34.0
2018-07-06,27.0,13.1,19.533333333333335,85.0,25.0
2018-07-07,26.2,13.5,19.545833333333334,80.0,27.0
2018-07-08,27.4,12.6,19.633333333333333,85.0,31.0
2018-07-09,28.6,13.9,20.6375,87.0,24.0
2018-07-10,27.9,14.2,20.7625,80.0,28.0
2018-07-11,25.3,14.8,19.529166666666665,88.0,42.0
2018-07-12,26.1,12.7,18.566666666666666,86.0,35.0
2018-07-13,25.7,15.3,19.183333333333334,83.0,39.0
2018-07-14,26.4,13.9,19.358333333333334,88.0,31.0
2018-07-15,26.5,13.3,19.204166666666666,90.0,27.0
2018-07-16,26.6,12.9,19.216666666666665,84.0,35.0
2018-07-17,26.4,13.1,19.220833333333335,89.0,36.0
2018-07-18,25.2,15.9,19.666666666666668,81.0,36.0
2018-07-19,26.4,14.6,19.441666666666666,81.0,36.0
2018-07-20,26.7,13.3,20.004166666666666,84.0,28.0
2018-07-21,28.2,14.0,20.712500000000002,83.0,28.0
2018-07-22,25.4,16.4,19.920833333333334,79.0,37.0
2018-07-23,24.9,14.6,18.845833333333335,77.0,34.0
2018-07-24,25.8,12.6,18.970833333333335,85.0,35.0
2018-07-25,25.0,14.5,18.779166666666665,71.0,29.0
2018-07-26,24.2,12.5,18.425,83.0,35.0
2018-07-27,25.5,14.8,19.075,73.0,31.0
2018-07-28,26.8,12.9,19.4375,83.0,28.0
2018-07-29,27.2,14.9,19.912499999999998,75.0,24.0
2018-07-30,27.9,14.2,20.391666666666666,80.0,27.0
2018-07-31,29.7,15.1,21.391666666666666,81.0,28.0
2018-08-01,26.3,15.4,20.195833333333333,84.0,45.0
2018-08-02,23.8,17.2,19.158333333333335,88.0,55.0
2018-08-03,26.3,15.2,19.341666666666665,87.0,46.0
2018-08-04,22.1,16.2,18.058333333333334,92.0,68.0
2018-08-05,26.1,14.9,19.591666666666665,93.0,48.0
2018-08-06,25.5,16.8,21.087500000000002,89.0,57.0
2018-08-07,25.9,16.2,19.979166666666668,93.0,55.0
2018-08-08,28.4,17.1,21.837500000000002,87.0,33.0
2018-08-09,25.4,17.9,20.833333333333332,80.0,51.0
2018-08-10,27.7,16.6,21.391666666666666,87.0,42.0
2018-08-11,27.6,13.2,20.691666666666666,74.0,12.0
2018-08-12,28.1,10.3,19.254166666666666,72.0,12.0
2018-08-13,26.9,10.5,18.866666666666667,84.0,26.0
2018-08-14,28.2,11.8,19.866666666666667,84.0,19.0
2018-08-15,29.9,16.7,21.820833333333336,70.0,14.0
2018-08-16,24.2,17.2,19.870833333333334,69.0,48.0
2018-08-17,23.6,15.7,18.7,89.0,49.0
2018-08-18,23.6,15.0,17.983333333333334,87.0,47.0
2018-08-19,25.8,15.2,19.1875,80.0,34.0
2018-08-20,26.9,15.4,20.304166666666667,78.0,26.0
2018-08-21,26.0,13.6,19.933333333333334,73.0,28.0
2018-08-22,26.4,15.3,20.099999999999998,64.0,26.0
2018-08-23,26.8,16.3,20.920833333333334,78.0,34.0
2018-08-24,27.5,17.5,21.71666666666667,67.0,37.0
2018-08-25,27.5,16.8,21.400000000000002,75.0,32.0
2018-08-26,28.9,17.6,22.537499999999998,79.0,33.0
2018-08-27,24.3,17.0,19.883333333333333,79.0,50.0
2018-08-28,22.3,13.5,18.42083333333333,87.0,51.0
2018-08-29,25.0,16.4,19.454166666666666,80.0,42.0
2018-08-30,26.7,16.0,19.675,83.0,35.0
2018-08-31,27.7,16.0,20.745833333333334,75.0,28.0
2018-09-01,30.4,15.9,22.287499999999998,67.0,26.0
2018-09-02,28.4,17.7,22.570833333333336,61.0,37.0
2018-09-03,31.3,18.2,23.770833333333332,69.0,25.0
2018-09-04,26.5,16.2,21.75,90.0,25.0
2018-09-05,27.2,12.9,19.666666666666668,65.0,15.0
2018-09-06,28.5,14.4,20.379166666666666,66.0,24.0
2018-09-07,29.4,15.7,21.670833333333334,76.0,19.0
2018-09-08,27.2,14.0,20.358333333333334,76.0,18.0
2018-09-09,28.8,15.1,20.766666666666666,67.0,17.0
2018-09-10,29.1,16.5,21.454166666666666,59.0,25.0
2018-09-11,30.7,17.4,22.59166666666667,63.0,20.0
2018-09-12,27.3,17.2,21.358333333333334,75.0,40.0
2018-09-13,26.9,16.6,20.3875,78.0,39.0
2018-09-14,29.1,15.9,20.754166666666666,79.0,33.0
2018-09-15,21.9,16.2,18.5,92.0,56.0
2018-09-16,26.6,16.6,20.408333333333335,93.0,51.0
2018-09-17,23.1,18.5,20.7625,91.0,65.0
2018-09-18,25.3,17.5,20.708333333333332,91.0,57.0
2018-09-19,29.7,18.6,22.616666666666664,90.0,40.0
2018-09-20,25.7,18.6,21.787499999999998,87.0,55.0
2018-09-21,28.4,18.7,21.804166666666664,90.0,43.0
2018-09-22,31.3,17.6,23.629166666666666,91.0,32.0
2018-09-23,31.0,19.5,24.366666666666664,78.0,33.0
2018-09-24,31.9,20.5,25.28333333333333,68.0,27.0
2018-09-25,30.8,20.9,25.045833333333334,57.0,31.0
2018-09-26,29.1,18.8,23.554166666666664,70.0,35.0
2018-09-27,31.3,18.6,24.516666666666666,70.0,33.0
2018-09-28,31.9,21.9,25.804166666666664,61.0,30.0
2018-09-29,30.3,20.7,23.962500000000002,81.0,43.0
2018-09-30,26.2,20.4,22.941666666666666,82.0,57.0
2018-10-01,30.2,18.2,23.325,91.0,38.0
2018-10-02,30.7,18.1,22.770833333333332,91.0,34.0
2018-10-03,32.6,18.5,25.191666666666666,86.0,27.0
2018-10-04,33.9,20.8,26.45,71.0,27.0
2018-10-05,30.8,20.8,24.925,81.0,41.0
2018-10-06,26.8,20.4,22.691666666666666,79.0,51.0
2018-10-07,25.0,19.1,20.766666666666666,85.0,56.0
2018-10-08,30.3,18.8,23.40833333333333,79.0,36.0
2018-10-09,31.1,19.6,23.979166666666668,64.0,34.0
2018-10-10,32.0,22.0,25.704166666666666,66.0,26.0
2018-10-11,32.3,23.3,26.34166666666667,56.0,32.0
2018-10-12,28.5,22.0,24.4375,69.0,47.0
2018-10-13,33.8,20.0,26.004166666666666,70.0,28.0
2018-10-14,34.8,20.2,26.991666666666664,88.0,27.0
2018-10-15,29.5,20.9,24.0625,88.0,51.0
2018-10-16,29.7,19.2,23.6875,89.0,47.0
2018-10-17,29.0,21.7,24.183333333333334,77.0,48.0
2018-10-18,28.5,17.8,22.425,92.0,52.0
2018-10-19,28.3,18.9,21.808333333333334,92.0,49.0
2018-10-20,26.9,18.9,21.870833333333334,92.0,43.0
2018-10-21,24.7,15.9,19.691666666666666,75.0,48.0
2018-10-22,27.7,15.2,20.587500000000002,82.0,37.0
2018-10-23,30.0,16.9,22.433333333333334,80.0,30.0
2018-10-24,30.8,20.0,23.77916666666667,89.0,30.0
2018-10-25,26.8,18.3,21.283333333333335,92.0,60.0
2018-10-26,28.9,19.2,23.170833333333334,92.0,49.0
2018-10-27,29.7,19.1,21.983333333333334,92.0,48.0
2018-10-28,28.3,19.2,23.162499999999998,92.0,43.0
2018-10-29,24.4,18.8,20.704166666666666,89.0,60.0
2018-10-30,29.6,17.6,22.0,85.0,46.0
2018-10-31,28.9,18.6,23.037499999999998,83.0,46.0
2018-11-01,31.8,19.0,23.71666666666667,90.0,37.0
2018-11-02,30.5,17.5,23.587500000000002,90.0,40.0
2018-11-03,30.9,21.3,25.1125,79.0,33.0
2018-11-04,28.9,20.0,23.075,85.0,50.0
2018-11-05,23.9,19.3,21.025000000000002,89.0,65.0
2018-11-06,25.1,18.2,20.9375,84.0,49.0
2018-11-07,27.3,19.2,22.525000000000002,80.0,48.0
2018-11-08,23.4,16.5,19.370833333333334,91.0,62.0
2018-11-09,17.8,15.1,16.6875,91.0,84.0
2018-11-10,23.3,17.0,19.275000000000002,89.0,65.0
2018-11-11,26.8,16.7,21.054166666666667,87.0,51.0
2018-11-12,29.6,18.6,23.070833333333336,85.0,42.0
2018-11-13,30.2,19.8,24.2375,82.0,42.0
2018-11-14,31.2,20.5,24.825,80.0,38.0
2018-11-15,30.2,18.5,23.837500000000002,93.0,45.0
2018-11-16,28.2,19.3,21.9875,93.0,55.0
2018-11-17,28.1,19.7,23.008333333333336,87.0,43.0
2018-11-18,29.2,20.0,23.325,79.0,46.0
2018-11-19,25.5,19.2,22.1375,91.0,65.0
2018-11-20,23.5,18.5,20.458333333333332,91.0,72.0
2018-11-21,20.5,16.7,18.141666666666666,92.0,80.0
2018-11-22,25.1,16.4,20.25,90.0,57.0
2018-11-23,26.3,18.8,21.170833333333334,86.0,55.0
2018-11-24,24.5,18.4,21.316666666666666,91.0,58.0
2018-11-25,25.3,17.9,19.645833333333332,92.0,60.0
2018-11-26,27.5,17.2,22.008333333333336,91.0,38.0
2018-11-27,27.6,17.4,21.991666666666664,80.0,33.0
2018-11-28,28.1,18.1,22.71666666666667,81.0,34.0
2018-11-29,29.4,18.3,23.391666666666666,74.0,31.0
2018-11-30,30.6,18.7,24.8875,80.0,35.0
2018-12-01,25.3,19.0,21.045833333333334,92.0,56.0
2018-12-02,27.4,19.1,21.291666666666668,92.0,59.0
2018-12-03,23.6,18.4,20.554166666666667,92.0,73.0
2018-12-04,28.1,18.2,22.458333333333332,87.0,48.0
2018-12-05,30.5,19.0,24.066666666666666,85.0,37.0
2018-12-06,31.9,17.9,24.608333333333334,90.0,37.0
2018-12-07,28.5,17.0,22.454166666666666,93.0,61.0
2018-12-08,26.7,18.3,22.05,92.0,45.0
2018-12-09,23.2,15.8,19.095833333333335,80.0,52.0
2018-12-10,27.4,15.9,20.7,83.0,42.0
2018-12-11,28.4,17.8,22.370833333333334,83.0,43.0
2018-12-12,30.3,19.5,24.3,81.0,37.0
2018-12-13,31.2,18.8,23.941666666666666,86.0,32.0
2018-12-14,31.5,19.9,25.162499999999998,80.0,25.0
2018-12-15,32.0,21.4,26.349999999999998,66.0,29.0
2018-12-16,30.8,21.4,25.891666666666666,73.0,33.0
2018-12-17,30.5,20.6,25.162499999999998,68.0,33.0
2018-12-18,32.6,20.4,26.120833333333334,69.0,35.0
2018-12-19,33.1,21.5,27.15416666666667,82.0,34.0
2018-12-20,33.5,20.4,26.325,88.0,30.0
2018-12-21,32.0,21.0,25.9875,87.0,40.0
2018-12-22,33.1,19.0,23.675,91.0,36.0
2018-12-23,32.6,17.9,24.058333333333334,92.0,34.0
2018-12-24,31.4,18.5,24.40833333333333,91.0,41.0
2018-12-25,30.8,18.5,22.545833333333334,92.0,40.0
2018-12-26,27.9,18.6,22.075,92.0,53.0
2018-12-27,24.8,18.8,20.654166666666665,92.0,68.0
2018-12-28,25.4,18.5,20.724999999999998,92.0,67.0
2018-12-29,27.5,17.7,20.8625,92.0,61.0
2018-12-30,27.3,18.5,21.820833333333336,93.0,61.0
2018-12-31,25.9,19.2,21.287499999999998,92.0,65.0
2019-01-01,27.9,19.2,21.833333333333332,92.0,55.0
2019-01-02,31.1,18.9,24.09166666666667,90.0,42.0
2019-01-03,30.7,20.4,24.34166666666667,88.0,47.0
2019-01-04,25.4,19.0,22.337500000000002,91.0,59.0
2019-01-05,30.1,18.6,23.55,91.0,41.0
2019-01-06,31.8,18.8,24.945833333333336,90.0,31.0
2019-01-07,31.2,20.9,25.708333333333332,79.0,33.0
2019-01-08,29.6,19.7,24.791666666666668,87.0,49.0
2019-01-09,29.4,19.0,23.866666666666664,78.0,34.0
2019-01-10,29.2,19.7,23.875,75.0,38.0
2019-01-11,30.2,20.3,24.34166666666667,73.0,41.0
2019-01-12,30.1,20.4,24.900000000000002,76.0,40.0
2019-01-13,30.6,20.2,25.037499999999998,81.0,35.0
2019-01-14,30.7,20.1,25.195833333333336,76.0,33.0
2019-01-15,32.6,21.1,26.175,76.0,34.0
2019-01-16,33.4,22.4,26.78333333333333,72.0,33.0
2019-01-17,32.2,21.1,25.912499999999998,76.0,36.0
2019-01-18,32.5,20.4,26.075,81.0,33.0
2019-01-19,32.7,21.8,26.733333333333334,71.0,29.0
2019-01-20,33.3,20.3,25.604166666666668,90.0,32.0
2019-01-21,30.6,21.2,25.662499999999998,91.0,45.0
2019-01-22,32.5,20.8,26.05,80.0,37.0
2019-01-23,31.4,21.2,26.204166666666666,76.0,30.0
2019-01-24,31.5,21.2,25.791666666666668,63.0,33.0
2019-01-25,29.8,21.4,25.016666666666666,72.0,39.0
2019-01-26,29.1,19.5,23.020833333333332,79.0,43.0
2019-01-27,29.8,18.1,23.391666666666666,88.0,33.0
2019-01-28,30.6,21.4,25.479166666666668,73.0,36.0
2019-01-29,33.0,21.6,26.5125,71.0,22.0
2019-01-30,32.8,21.6,26.400000000000002,70.0,30.0
2019-01-31,33.8,20.6,27.016666666666666,66.0,24.0
2019-02-01,32.3,22.6,26.849999999999998,60.0,25.0
2019-02-02,33.1,22.0,27.058333333333334,61.0,27.0
2019-02-03,34.1,22.1,27.520833333333332,66.0,29.0
2019-02-04,30.7,19.5,24.866666666666664,87.0,39.0
2019-02-05,32.3,19.3,24.541666666666668,90.0,38.0
2019-02-06,26.5,19.5,21.320833333333333,92.0,58.0
2019-02-07,24.1,19.0,20.412499999999998,92.0,72.0
2019-02-08,31.1,18.6,23.008333333333336,91.0,38.0
2019-02-09,30.9,19.1,23.795833333333334,90.0,37.0
2019-02-10,31.3,21.0,25.337500000000002,82.0,38.0
2019-02-11,31.1,20.8,24.9375,87.0,40.0
2019-02-12,30.8,21.8,25.599999999999998,70.0,41.0
2019-02-13,30.8,19.7,24.141666666666666,89.0,46.0
2019-02-14,28.4,19.0,22.400000000000002,89.0,52.0
2019-02-15,25.8,19.7,21.670833333333334,91.0,70.0
2019-02-16,25.7,19.9,21.575,91.0,68.0
2019-02-17,27.3,19.2,21.325,93.0,62.0
2019-02-18,26.4,19.1,21.52916666666667,93.0,63.0
2019-02-19,29.0,19.6,22.858333333333334,93.0,55.0
2019-02-20,31.6,20.6,24.425,91.0,41.0
2019-02-21,26.8,18.9,21.96666666666667,91.0,53.0
2019-02-22,32.5,18.9,24.870833333333334,91.0,35.0
2019-02-23,32.6,20.0,26.458333333333332,85.0,30.0
2019-02-24,33.0,20.4,26.941666666666666,86.0,29.0
2019-02-25,33.6,21.4,26.95,83.0,30.0
2019-02-26,33.3,19.7,25.34583333333333,90.0,34.0
2019-02-27,31.2,19.2,24.120833333333334,91.0,41.0
2019-02-28,27.3,19.8,23.066666666666666,92.0,57.0
2019-03-01,29.8,18.1,22.604166666666668,92.0,46.0
2019-03-02,23.8,19.5,21.095833333333335,92.0,71.0
2019-03-03,29.0,19.9,23.695833333333336,88.0,47.0
2019-03-04,29.5,20.2,24.004166666666666,79.0,42.0
2019-03-05,30.7,20.2,24.333333333333332,80.0,39.0
2019-03-06,29.8,20.7,23.90833333333333,80.0,44.0
2019-03-07,30.8,20.6,24.929166666666664,81.0,42.0
2019-03-08,31.9,20.7,25.491666666666664,82.0,37.0
2019-03-09,32.1,21.6,26.22083333333333,82.0,36.0
2019-03-10,32.2,21.8,26.041666666666668,90.0,41.0
2019-03-11,29.0,18.6,23.491666666666664,92.0,45.0
2019-03-12,29.8,18.5,23.55,90.0,46.0
2019-03-13,31.0,20.6,24.46666666666667,78.0,43.0
2019-03-14,32.4,20.0,24.6875,89.0,38.0
2019-03-15,31.9,18.8,24.754166666666666,90.0,37.0
2019-03-16,31.0,19.5,24.120833333333334,91.0,48.0
2019-03-17,25.8,21.0,23.15833333333333,90.0,68.0
2019-03-18,31.9,20.0,24.304166666666664,92.0,47.0
2019-03-19,31.7,20.4,24.599999999999998,92.0,43.0
2019-03-20,30.7,20.4,24.491666666666664,92.0,49.0
2019-03-21,27.8,19.7,22.8625,92.0,59.0
2019-03-22,22.1,18.3,19.8125,92.0,75.0
2019-03-23,27.8,16.7,21.191666666666666,89.0,52.0
2019-03-24,28.0,19.4,22.645833333333332,87.0,49.0
2019-03-25,30.1,18.3,23.462500000000002,89.0,39.0
2019-03-26,30.2,17.7,23.837500000000002,91.0,36.0
2019-03-27,29.6,17.7,23.233333333333334,86.0,42.0
2019-03-28,28.9,16.0,22.729166666666668,89.0,39.0
2019-03-29,28.2,16.1,22.224999999999998,89.0,44.0
2019-03-30,29.1,17.6,22.333333333333332,82.0,41.0
2019-03-31,28.7,16.6,22.6125,87.0,37.0
2019-04-01,28.8,18.2,22.204166666666666,90.0,42.0
2019-04-02,28.9,18.1,22.483333333333334,91.0,42.0
2019-04-03,30.1,19.1,22.837500000000002,89.0,46.0
2019-04-04,31.6,18.8,23.733333333333334,91.0,39.0
2019-04-05,30.8,21.0,24.825,87.0,49.0
2019-04-06,29.0,20.6,23.454166666666666,90.0,54.0
2019-04-07,30.3,19.7,23.962500000000002,91.0,44.0
2019-04-08,30.1,18.9,23.741666666666664,89.0,44.0
2019-04-09,28.2,18.1,21.995833333333334,92.0,54.0
2019-04-10,28.8,18.5,23.1125,82.0,50.0
2019-04-11,29.7,17.1,23.104166666666668,91.0,42.0
2019-04-12,29.7,19.3,23.833333333333332,85.0,41.0
2019-04-13,29.7,20.8,24.333333333333332,78.0,44.0
2019-04-14,28.6,21.0,23.808333333333334,79.0,50.0
2019-04-15,27.3,20.7,22.52916666666667,90.0,62.0
2019-04-16,27.6,19.3,21.8625,92.0,57.0
2019-04-17,26.3,18.5,21.3875,93.0,69.0
2019-04-18,28.7,19.8,23.212500000000002,92.0,42.0
2019-04-19,29.1,15.5,22.445833333333336,92.0,34.0
2019-04-20,30.0,16.0,22.650000000000002,92.0,30.0
2019-04-21,30.6,16.9,23.3,89.0,36.0
2019-04-22,29.2,19.9,23.21666666666667,88.0,46.0
2019-04-23,29.5,19.6,23.504166666666666,84.0,48.0
2019-04-24,28.5,19.3,23.170833333333334,87.0,47.0
2019-04-25,27.8,19.1,22.616666666666664,84.0,51.0
2019-04-26,29.0,17.6,22.683333333333334,91.0,42.0
2019-04-27,29.6,19.5,23.320833333333336,80.0,41.0
2019-04-28,30.0,18.1,23.916666666666668,89.0,43.0
2019-04-29,28.4,19.3,23.575,87.0,48.0
2019-04-30,28.4,17.4,22.97083333333333,90.0,47.0
2019-05-01,29.2,19.6,23.354166666666668,84.0,45.0
2019-05-02,28.7,19.5,23.054166666666664,91.0,54.0
2019-05-03,28.5,19.2,22.391666666666666,92.0,51.0
2019-05-04,28.7,19.8,23.129166666666666,90.0,52.0
2019-05-05,28.1,18.6,22.55,90.0,38.0
2019-05-06,28.8,18.9,22.787499999999998,79.0,45.0
2019-05-07,30.1,17.7,23.441666666666666,91.0,38.0
2019-05-08,28.2,18.8,22.433333333333334,91.0,51.0
2019-05-09,24.8,17.7,20.25,84.0,62.0
2019-05-10,26.7,17.1,20.808333333333334,85.0,49.0
2019-05-11,26.0,17.7,21.245833333333334,86.0,52.0
2019-05-12,29.3,16.3,22.054166666666664,90.0,44.0
2019-05-13,29.6,17.8,23.258333333333336,90.0,44.0
2019-05-14,29.4,18.0,23.395833333333332,91.0,47.0
2019-05-15,28.1,18.3,21.775000000000002,92.0,51.0
2019-05-16,23.5,16.9,19.599999999999998,93.0,65.0
2019-05-17,20.9,16.7,18.704166666666666,89.0,68.0
2019-05-18,26.8,17.2,20.087500000000002,90.0,51.0
2019-05-19,26.4,15.5,20.349999999999998,92.0,50.0
2019-05-20,27.6,15.6,20.770833333333332,92.0,32.0
2019-05-21,28.4,13.7,20.85833333333333,91.0,30.0
2019-05-22,28.9,14.1,21.416666666666668,89.0,34.0
2019-05-23,28.8,15.4,21.454166666666666,88.0,36.0
2019-05-24,28.8,15.7,21.854166666666668,90.0,40.0
2019-05-25,27.3,16.3,21.454166666666666,91.0,47.0
2019-05-26,28.0,13.9,20.941666666666666,86.0,38.0
2019-05-27,28.5,16.8,21.875,83.0,40.0
2019-05-28,28.7,16.5,22.066666666666666,90.0,38.0
2019-05-29,29.0,16.3,22.016666666666666,91.0,38.0
2019-05-30,28.1,17.0,22.058333333333334,88.0,44.0
2019-05-31,28.9,15.6,21.945833333333336,89.0,39.0
2019-06-01,29.7,16.4,22.520833333333332,87.0,30.0
2019-06-02,29.9,15.2,22.504166666666666,91.0,25.0
2019-06-03,28.5,16.2,21.537499999999998,88.0,43.0
2019-06-04,25.5,14.2,18.837500000000002,93.0,30.0
2019-06-05,23.2,12.5,17.104166666666668,75.0,34.0
2019-06-06,22.9,12.1,17.133333333333333,84.0,38.0
2019-06-07,24.1,11.2,17.4875,88.0,31.0
2019-06-08,23.6,11.6,17.05,86.0,36.0
2019-06-09,23.6,11.7,17.3875,91.0,39.0
2019-06-10,24.3,11.4,18.004166666666666,87.0,39.0
2019-06-11,24.4,15.1,19.079166666666666,85.0,53.0
2019-06-12,24.5,16.5,19.941666666666666,82.0,54.0
2019-06-13,26.2,16.4,20.641666666666666,87.0,44.0
2019-06-14,27.0,15.9,20.579166666666666,84.0,30.0
2019-06-15,26.7,16.8,20.325,81.0,39.0
2019-06-16,25.6,14.6,19.825,86.0,36.0
2019-06-17,25.5,13.3,19.116666666666667,86.0,40.0
2019-06-18,26.0,13.7,19.375,88.0,40.0
2019-06-19,26.8,15.9,21.204166666666666,78.0,31.0
2019-06-20,27.4,13.6,19.679166666666667,88.0,31.0
2019-06-21,25.0,15.4,19.287499999999998,76.0,41.0
2019-06-22,24.4,13.3,17.9375,91.0,47.0
2019-06-23,24.9,15.5,19.208333333333332,84.0,44.0
2019-06-24,26.7,14.3,20.104166666666668,91.0,39.0
2019-06-25,28.0,15.9,20.82916666666667,87.0,39.0
2019-06-26,29.2,17.5,22.070833333333336,80.0,28.0
2019-06-27,28.4,18.3,22.28333333333333,74.0,32.0
2019-06-28,26.5,18.2,21.558333333333334,79.0,34.0
2019-06-29,26.1,16.2,19.808333333333334,77.0,44.0
2019-06-30,27.3,14.5,20.304166666666667,87.0,27.0
2019-07-01,27.4,14.6,20.354166666666668,89.0,30.0
2019-07-02,27.4,12.9,19.733333333333334,87.0,29.0
2019-07-03,28.9,13.4,20.104166666666668,85.0,26.0
2019-07-04,28.8,13.9,20.879166666666666,77.0,22.0
2019-07-05,27.8,15.7,21.320833333333336,75.0,36.0
2019-07-06,23.6,14.3,18.545833333333334,84.0,25.0
2019-07-07,23.2,7.3,15.0875,77.0,23.0
2019-07-08,21.4,10.4,15.429166666666667,71.0,38.0
2019-07-09,22.3,10.5,15.908333333333333,76.0,32.0
2019-07-10,22.8,11.0,16.395833333333332,75.0,33.0
2019-07-11,24.7,9.8,16.900000000000002,86.0,23.0
2019-07-12,26.2,9.6,17.654166666666665,86.0,27.0
2019-07-13,28.9,11.5,19.333333333333332,89.0,19.0
2019-07-14,28.9,13.3,20.483333333333334,83.0,23.0
2019-07-15,28.6,13.3,20.633333333333333,80.0,21.0
2019-07-16,28.3,14.1,20.779166666666665,73.0,26.0
2019-07-17,22.7,13.4,17.775000000000002,86.0,44.0
2019-07-18,22.0,13.2,16.570833333333333,71.0,38.0
2019-07-19,23.2,11.6,16.329166666666666,80.0,39.0
2019-07-20,22.2,12.9,17.045833333333334,80.0,38.0
2019-07-21,23.2,13.2,17.254166666666666,81.0,38.0
2019-07-22,23.9,14.5,18.008333333333333,82.0,40.0
2019-07-23,25.2,14.7,18.724999999999998,82.0,33.0
2019-07-24,27.5,14.7,20.166666666666668,77.0,30.0
2019-07-25,25.8,15.3,19.958333333333332,70.0,44.0
2019-07-26,25.4,15.9,19.491666666666667,80.0,31.0
2019-07-27,25.1,11.8,18.125,78.0,32.0
2019-07-28,26.9,12.4,19.3,80.0,25.0
2019-07-29,26.6,11.7,19.1875,79.0,30.0
2019-07-30,26.2,16.3,20.204166666666666,77.0,35.0
2019-07-31,28.5,14.9,21.025000000000002,82.0,26.0
2019-08-01,29.4,14.8,21.641666666666666,73.0,29.0
2019-08-02,30.5,14.7,22.325,78.0,16.0
2019-08-03,28.9,16.8,22.3125,70.0,29.0
2019-08-04,24.2,16.8,19.95,73.0,47.0
2019-08-05,23.5,13.3,17.183333333333334,77.0,44.0
2019-08-06,21.1,15.7,18.058333333333334,75.0,56.0
2019-08-07,25.6,17.1,20.120833333333334,77.0,45.0
2019-08-08,28.7,16.7,21.412499999999998,88.0,34.0
2019-08-09,28.8,16.7,21.662499999999998,84.0,27.0
2019-08-10,29.6,17.4,22.666666666666668,73.0,26.0
2019-08-11,30.1,16.5,23.0125,80.0,29.0
2019-08-12,28.2,17.1,22.40416666666667,68.0,28.0
2019-08-13,30.6,14.4,22.0,77.0,22.0
2019-08-14,26.6,17.0,21.087500000000002,78.0,37.0
2019-08-15,24.1,14.1,18.212500000000002,72.0,35.0
2019-08-16,24.7,12.1,17.579166666666666,75.0,31.0
2019-08-17,24.7,12.1,17.870833333333334,72.0,25.0
2019-08-18,28.2,12.7,20.087500000000002,72.0,24.0
2019-08-19,30.8,14.5,22.204166666666666,73.0,21.0
2019-08-20,28.9,19.3,23.5625,62.0,32.0
2019-08-21,29.1,17.9,22.508333333333336,74.0,33.0
2019-08-22,26.9,17.9,20.666666666666668,77.0,43.0
2019-08-23,25.9,16.2,19.3875,81.0,49.0
2019-08-24,27.5,13.4,19.625,90.0,25.0
2019-08-25,26.3,15.2,19.837500000000002,72.0,33.0
2019-08-26,26.4,15.9,19.879166666666666,77.0,33.0
2019-08-27,28.0,15.4,20.204166666666666,74.0,29.0
2019-08-28,25.6,15.1,19.054166666666667,74.0,33.0
2019-08-29,24.0,14.2,18.125,71.0,32.0
2019-08-30,28.5,14.6,20.179166666666667,73.0,27.0
2019-08-31,30.8,16.5,22.441666666666666,69.0,25.0
2019-09-01,33.0,16.8,24.745833333333334,76.0,21.0
2019-09-02,30.4,19.1,24.662499999999998,64.0,29.0
2019-09-03,33.6,19.8,25.629166666666666,65.0,22.0
2019-09-04,33.7,20.6,26.395833333333332,59.0,18.0
2019-09-05,30.1,17.9,24.025000000000002,70.0,31.0
2019-09-06,26.1,18.8,21.329166666666666,75.0,46.0
2019-09-07,29.2,16.7,21.65833333333333,78.0,34.0
2019-09-08,27.5,17.2,21.337500000000002,75.0,38.0
2019-09-09,28.2,15.9,21.508333333333336,72.0,24.0
2019-09-10,33.6,18.0,24.400000000000002,63.0,17.0
2019-09-11,34.6,18.1,25.95,73.0,19.0
2019-09-12,35.4,19.2,26.9375,68.0,15.0
2019-09-13,36.4,21.2,28.308333333333334,57.0,14.0
2019-09-14,31.3,19.9,25.175,70.0,20.0
2019-09-15,29.7,18.4,23.462500000000002,75.0,34.0
2019-09-16,29.4,19.0,23.2,64.0,30.0
2019-09-17,33.7,18.7,24.72083333333333,65.0,15.0
2019-09-18,34.5,18.6,26.400000000000002,64.0,13.0
2019-09-19,35.0,22.0,27.745833333333334,46.0,16.0
2019-09-20,34.4,21.6,27.3875,53.0,19.0
2019-09-21,34.7,22.3,27.295833333333334,57.0,23.0
2019-09-22,31.2,21.4,25.141666666666666,64.0,36.0
2019-09-23,24.9,17.5,20.900000000000002,72.0,45.0
2019-09-24,28.9,14.5,20.104166666666668,70.0,28.0
2019-09-25,21.1,16.0,17.691666666666666,87.0,52.0
2019-09-26,18.0,15.9,16.970833333333335,91.0,68.0
2019-09-27,28.1,14.7,20.116666666666667,92.0,40.0
2019-09-28,27.7,17.3,21.479166666666668,82.0,44.0
2019-09-29,29.8,18.6,22.224999999999998,81.0,35.0
2019-09-30,31.0,18.1,22.833333333333332,82.0,28.0
2019-10-01,31.1,18.0,23.7625,78.0,27.0
2019-10-02,31.9,17.3,23.962500000000002,77.0,22.0
2019-10-03,31.4,18.5,23.625,54.0,25.0
2019-10-04,29.7,18.0,22.9375,70.0,27.0
2019-10-05,30.5,17.9,23.05,75.0,26.0
2019-10-06,31.2,18.7,23.866666666666664,69.0,32.0
2019-10-07,31.1,19.3,24.570833333333336,67.0,33.0
2019-10-08,32.5,20.5,25.2,61.0,30.0
2019-10-09,31.6,20.2,24.895833333333332,72.0,34.0
2019-10-10,29.5,20.5,23.541666666666668,72.0,40.0
2019-10-11,29.8,19.0,23.40833333333333,75.0,32.0
2019-10-12,32.9,19.4,24.9875,68.0,24.0
2019-10-13,33.2,20.3,25.53333333333333,62.0,18.0
2019-10-14,32.5,19.8,25.25,59.0,14.0
2019-10-15,33.5,20.1,25.608333333333334,48.0,15.0
2019-10-16,31.8,19.9,25.2375,66.0,24.0
2019-10-17,32.3,19.7,25.59583333333333,66.0,16.0
2019-10-18,34.4,20.2,26.7,51.0,15.0
2019-10-19,36.0,20.8,27.479166666666668,61.0,20.0
2019-10-20,32.0,20.7,25.34166666666667,69.0,32.0
2019-10-21,27.3,20.5,23.854166666666668,72.0,49.0
2019-10-22,31.4,19.0,24.058333333333334,91.0,32.0
2019-10-23,32.0,19.7,24.495833333333334,77.0,33.0
2019-10-24,31.4,20.3,24.03333333333333,74.0,36.0
2019-10-25,34.3,18.8,25.366666666666664,81.0,25.0
2019-10-26,35.3,16.6,24.804166666666664,84.0,25.0
2019-10-27,32.2,17.6,24.34166666666667,80.0,33.0
2019-10-28,33.9,19.9,24.729166666666668,89.0,27.0
2019-10-29,33.1,18.3,22.770833333333332,92.0,30.0
2019-10-30,31.2,17.2,22.379166666666666,92.0,35.0
2019-10-31,31.0,18.8,23.891666666666666,88.0,35.0
2019-11-01,30.9,18.7,23.224999999999998,90.0,40.0
2019-11-02,29.1,18.5,22.570833333333336,89.0,43.0
2019-11-03,32.3,19.5,24.541666666666668,78.0,30.0
2019-11-04,35.0,20.9,27.441666666666666,71.0,21.0
2019-11-05,35.4,21.5,27.22083333333333,83.0,28.0
2019-11-06,34.9,21.6,27.179166666666664,81.0,28.0
2019-11-07,31.3,22.3,26.133333333333336,74.0,36.0
2019-11-08,33.1,20.6,25.9375,88.0,31.0
2019-11-09,33.8,19.5,25.791666666666668,89.0,29.0
2019-11-10,34.6,20.1,26.679166666666664,82.0,24.0
2019-11-11,35.1,21.5,27.633333333333336,70.0,21.0
2019-11-12,27.6,20.7,23.520833333333332,72.0,50.0
2019-11-13,30.6,19.9,23.787499999999998,87.0,39.0
2019-11-14,30.8,20.0,22.825,89.0,42.0
2019-11-15,25.4,19.0,20.741666666666667,92.0,65.0
2019-11-16,28.5,18.8,21.96666666666667,92.0,50.0
2019-11-17,27.8,19.4,22.8125,85.0,54.0
2019-11-18,22.8,18.8,20.55,91.0,75.0
2019-11-19,28.7,18.7,21.400000000000002,91.0,49.0
2019-11-20,24.0,19.2,21.0375,90.0,59.0
2019-11-21,28.7,19.2,22.583333333333332,80.0,44.0
2019-11-22,28.5,18.8,22.379166666666666,84.0,48.0
2019-11-23,30.2,17.9,21.97083333333333,92.0,44.0
2019-11-24,27.0,18.6,20.991666666666667,92.0,55.0
2019-11-25,26.7,17.1,20.866666666666667,87.0,54.0
2019-11-26,28.9,18.1,22.120833333333334,82.0,45.0
2019-11-27,29.9,17.5,22.708333333333332,80.0,39.0
2019-11-28,31.9,18.7,23.837500000000002,88.0,40.0
2019-11-29,26.7,19.6,22.045833333333334,91.0,62.0
2019-11-30,28.3,19.4,22.758333333333336,91.0,52.0
2019-12-01,29.4,19.7,23.370833333333334,92.0,47.0
2019-12-02,30.1,19.2,22.683333333333334,92.0,49.0
2019-12-03,25.4,19.2,21.441666666666666,91.0,65.0
2019-12-04,27.4,18.6,22.120833333333334,89.0,56.0
2019-12-05,27.3,19.3,21.9875,91.0,65.0
2019-12-06,28.9,19.4,22.52916666666667,92.0,54.0
2019-12-07,26.6,20.3,21.666666666666668,92.0,66.0
2019-12-08,24.1,18.5,20.474999999999998,90.0,64.0
2019-12-09,27.7,18.3,21.641666666666666,84.0,55.0
2019-12-10,25.6,19.7,21.383333333333336,91.0,68.0
2019-12-11,28.0,19.4,22.46666666666667,92.0,56.0
2019-12-12,27.2,19.1,21.6375,92.0,61.0
2019-12-13,31.3,18.5,23.712500000000002,92.0,39.0
2019-12-14,30.2,18.9,24.458333333333332,88.0,43.0
2019-12-15,29.0,20.2,24.175,77.0,32.0
2019-12-16,30.0,18.7,23.979166666666668,77.0,26.0
2019-12-17,31.2,20.3,25.195833333333336,78.0,28.0
2019-12-18,32.4,20.8,26.21666666666667,70.0,28.0
2019-12-19,30.5,19.9,23.933333333333334,89.0,43.0
2019-12-20,30.7,19.7,24.53333333333333,88.0,42.0
2019-12-21,29.2,20.0,23.916666666666668,91.0,46.0
2019-12-22,32.9,20.3,26.037499999999998,84.0,34.0
2019-12-23,25.9,19.0,22.291666666666668,91.0,59.0
2019-12-24,24.6,17.6,21.175,91.0,65.0
2019-12-25,30.3,17.4,23.525000000000002,91.0,36.0
2019-12-26,30.4,20.8,25.0,79.0,37.0
2019-12-27,29.1,19.9,24.016666666666666,83.0,40.0
2019-12-28,28.6,19.7,23.245833333333334,88.0,44.0
2019-12-29,29.4,18.8,22.333333333333332,90.0,40.0
2019-12-30,29.3,18.1,22.958333333333332,84.0,32.0
2019-12-31,29.9,18.8,24.045833333333334,79.0,37.0
